;std
BBG000HLJ7M4;0.031
BBG002293PJ4;0.048
BBG000BH0FR6;0.022
BBG004MN1R41;0.036
BBG000BWS3F3;0.038
BBG00Y3XYV94;0.029
BBG006KDCHJ4;0.054
BBG000BS5DR2;0.025
BBG000BDHD29;0.021
BBG00ZHCX1X2;0.025
BBG001R72SR9;0.026
BBG000BFDLV8;0.003
BBG00YQ82275;0.059
BBG002WMH2F2;0.02
BBG000D42FJ0;0.034
BBG000BMWKC5;0.02
BBG000BQHGR6;0.023
BBG000BNSZP1;0.017
BBG000BHJSC4;0.019
BBG000BXK6C5;0.024
BBG005YHY0Q7;0.039
BBG00FH3FM15;0.035
BBG00G4Y2DC1;0.033
BBG000BXQ7R1;0.029
BBG000LJS6B8;0.037
BBG002R1CW27;0.022
BBG000BWSV34;0.024
BBG000G7CDN9;0.037
BBG00HCY3Q67;0.036
BBG000BLMTR3;0.021
BBG004730JJ5;0.013
BBG000BB6KF5;0.018
BBG000QY4ZD0;0.043
BBG000BTNGZ4;0.025
BBG000BR2B91;0.018
BBG000CQCCK6;0.031
BBG0113JGQF0;0.032
BBG000PN9NB9;0.024
BBG000QBR5J5;0.03
BBG00629NGT2;0.058
BBG000FJH8W0;0.015
BBG000BJ81C1;0.016
BBG000DW76Y6;0.02
BBG000BG3445;0.016
BBG000HN7W02;0.018
BBG002PHSYX9;0.021
BBG000BHLYP4;0.018
BBG000BTCH57;0.021
BBG000BLY663;0.043
BBG0015XMW40;0.027
BBG000HXJB21;0.038
BBG000VKG4R5;0.026
BBG000QGWY50;0.156
BBG007GNPYY7;0.024
BBG000BPD168;0.012
BBG000BHLYS1;0.011
BBG000BNNKG9;0.018
BBG000TJM7F0;0.023
BBG000DD3KP1;0.012
BBG000M1R011;0.035
BBG000BDNV95;0.019
BBG000Q1KFH4;0.031
BBG00ZGF7771;0.082
BBG000HD3DW5;0.024
BBG006MDLY05;0.025
BBG002WLDMW5;0.04
BBG000K3BC83;0.029
BBG000TJ6F42;0.076
BBG001Z0Q6T5;0.027
BBG000DWG505;0.016
BBG000Q7GG57;
BBG0064N0ZZ5;0.03
BBG000HS77T5;0.008
BBG000BJQK11;0.004
BBG000C4SKT1;0.043
BBG0022FMPD5;0.039
BBG007KGRPY4;0.056
BBG0029SFXB3;0.021
BBG000GXZ4W7;0.027
BBG000BS1YV5;0.029
BBG000CHPMY5;0.013
BBG00BTK1DT8;0.099
BBG000HT5MG6;0.027
BBG000BWXBC2;0.033
BBG000GQPB11;0.061
BBG000BWHD54;0.023
BBG0059KNH10;0.008
BBG000BKGXQ4;0.024
BBG000BMDBZ1;0.034
BBG00W7FG4V8;0.049
BBG000BR7PK2;0.019
BBG000BH5DV1;0.033
BBG000DPKKK0;0.019
BBG000N26V95;0.052
BBG001QD41M9;0.036
BBG00S4VMQT2;0.091
BBG00L0YTFN8;0.022
BBG000BP3PW7;0.018
BBG000BLH3P8;0.046
BBG000HCXFS4;0.022
BBG000BKQDQ7;0.027
BBG001V9NSB4;0.083
BBG000BCBYT2;0.021
BBG000QDJT53;0.031
BBG000BNDN65;0.024
BBG000CBMH27;0.025
BBG001J1QN87;0.041
BBG000C1HN22;0.017
BBG003D4V951;0.041
BBG00209SZJ7;0.035
BBG000N9MNX3;0.045
BBG000BL0P40;0.014
BBG000DV7MX4;0.034
BBG000GQJPZ0;0.092
BBG000CSZKR2;0.067
BBG000BFS7D3;0.025
BBG000BW6P59;0.019
BBG000DGLTG5;0.016
BBG000BFC848;0.035
BBG0136WM1M4;0.082
BBG000BWNV93;0.015
BBG000BS5CM9;0.023
BBG000D7JKW9;0.028
BBG001NFKJ68;0.048
BBG0043BYPB8;0.061
BBG00KHHBMC5;0.052
BBG000C2YHG9;0.029
BBG002VZ68Y2;0.047
BBG005DXJS36;0.04
BBG000BY2Y78;0.026
BBG000BRXP69;0.027
BBG000C1XKF6;0.021
BBG000FFC0B3;0.025
BBG00KR691K8;0.046
BBG006L8G4H1;0.026
BBG000F9XKN7;0.047
BBG001LFLZZ1;0.024
BBG000QM0RZ4;0.019
BBG000BR2040;0.022
BBG004S641N5;0.046
BBG000DW4Q75;0.017
BBG000JLC8L8;0.021
BBG00YTS96G2;0.034
BBG000BQ87N0;0.014
BBG000C19QW1;0.014
BBG000BKXYX5;0.043
BBG000BQ74K1;0.024
BBG00D0Y81M1;0.021
BBG000P458P3;0.019
BBG000C30L48;0.047
BBG004730ZJ9;0.0
BBG00LPTHYD5;0.037
BBG000F02T51;0.016
BBG00FQ8T4G3;0.059
BBG000C4HKK2;0.031
BBG0042V6JM8;0.043
BBG000BB07P9;0.022
BBG000CGQ4F7;0.029
BBG000BT3HG5;0.05
BBG000D7HF89;0.017
BBG000D9H9F1;0.053
BBG000K88H58;0.016
BBG000BN8ZK8;0.034
BBG000BLFNC0;0.021
BBG000RMWQD4;0.024
BBG000BB5792;0.049
BBG000BYQ0B1;0.022
BBG000BBBNC6;0.019
BBG000BJ0932;0.024
BBG00ZKY1P71;0.191
BBG00658F3P3;0.038
BBG000BL8476;0.017
BBG000BK28N7;0.044
BBG000RGM5P1;0.024
BBG000RP8V70;0.021
BBG00ZQRGW24;0.02
BBG00475JZZ6;1.648
BBG000C3GN47;0.025
BBG000BPWGR1;0.02
BBG000BLN497;0.019
BBG000BVMGF2;0.018
BBG000NWQ9S5;0.04
BBG000D2M0Z7;0.024
BBG00W9LF2G5;0.178
BBG000BCTLF6;0.025
BBG00R2NHQ65;0.035
BBG0135B2214;0.025
BBG000BBPFB9;0.034
BBG000P5JQX6;0.062
BBG000BH4R78;0.024
BBG0026ZDHR0;0.063
BBG000RVD346;0.026
BBG008HNHZ07;0.017
BBG000B9XRY4;0.022
BBG00YJKWXD8;0.05
BBG000NS26Q8;0.024
BBG000BSBZH7;0.064
BBG00X0VP8D9;0.034
BBG000BJ5HK0;0.021
BBG00W1PSSJ0;0.065
BBG0147BN6G2;0.015
BBG001YV1SM4;0.087
BBG000GZYVY1;0.026
BBG000BBZBV5;0.041
BBG000K3STR7;0.008
BBG00GX77LW3;0.016
BBG006Q0HY77;0.031
BBG000BLBVN4;0.03
BBG000BL8804;0.036
BBG000QY3XZ2;0.038
BBG000C2VBB0;0.023
BBG001HRFJG4;0.051
BBG000BJSBJ0;0.021
BBG000BGD7W6;0.033
BBG0016XJ8S0;0.091
BBG000BQQ2S6;0.022
BBG000BSLZY7;0.027
BBG000BNWG87;0.02
BBG00B6KGNN1;0.021
BBG009XW2WB8;0.04
BBG008GC8CP6;0.037
BBG000CL9VN6;0.031
BBG000BYYLS8;0.023
BBG000BFWF13;0.03
BBG000F4F1N0;0.025
BBG014L7D4G1;0.044
BBG000BDJL83;0.019
BBG000BB8SW7;0.022
BBG005CHLM96;0.027
BBG000BK6YX5;0.051
BBG001732GF9;0.014
BBG0014PFYM2;0.009
BBG000C0G1D1;0.024
BBG000BWRTS3;0.028
BBG009LM28K6;0.019
BBG000BQBYR3;0.025
BBG000BNF508;0.035
BBG000VDC3G9;0.005
BBG000F369C7;0.02
BBG000BCQ4P6;0.023
BBG000C8H633;0.03
BBG000BQ8KV2;0.036
BBG000BFXHL6;0.038
BBG000Q1NMJ4;0.015
BBG00HQ77DS2;0.038
BBG000R8ZVD1;0.041
BBG000BC2KW8;0.025
BBG00H2QQ8T5;0.044
BBG000VC0T95;0.033
BBG000BBZW12;0.032
BBG000GMGNB3;0.032
BBG009H04M17;0.03
BBG000TVRB50;0.05
BBG000BNPSQ9;0.022
BBG00JHNJW99;0.027
BBG002ZCK2V9;0.031
BBG00FWP4JW4;0.012
BBG00ZGF6SS3;0.052
BBG000PV27K3;0.017
BBG000BGBTC2;0.02
BBG00KHGQ0H4;0.134
BBG00RP60KV0;0.028
BBG012QVD574;0.114
BBG000BVYN55;0.021
BBG00M4RHBD0;0.049
BBG0100R9963;0.02
BBG000BCJ161;0.025
BBG00P17H053;0.159
BBG000R4Y9C1;0.038
BBG000BTHH16;0.014
BBG005CPNTQ2;0.033
BBG000N7MZ06;0.05
BBG00QNSY1H7;0.05
BBG00SHY90J5;0.041
BBG001M8HHB7;0.037
BBG000BNPS52;0.026
BBG000DQBZJ7;0.026
BBG000PKWCQ7;0.076
BBG00H1CY328;0.051
BBG000BK67C7;0.019
BBG000PVRDL2;0.027
BBG009S39JX6;0.023
BBG000TRJ294;0.013
BBG00JM9XLN6;0.03
BBG000F7RCJ1;0.035
BBG000BQC9V2;0.038
BBG000BBVJZ8;0.023
BBG00B6WH9G3;0.039
BBG00XS0FV56;0.069
BBG00GF8K4W4;0.067
BBG0035LY913;0.025
BBG00B6G7GL7;0.066
BBG00K20GVD2;0.059
BBG00X7L1C14;0.06
BBG000BP30Y0;0.028
BBG004S68B31;0.026
BBG000K82ZT8;0.015
BBG00PPS73P4;0.044
BBG00K53L394;0.038
BBG00MJDR6J9;0.031
BBG006B6PVN9;0.005
BBG007DJM539;0.021
BBG000CMRVH1;0.037
BBG000BR2TH3;0.02
BBG002458LF8;0.012
BBG000BZX1N5;0.018
BBG00GQK3WB5;0.045
BBG000NJGX84;0.019
BBG000HZ3562;0.075
BBG000FX3Y66;0.026
BBG000BX57K1;0.022
BBG000H8R0N8;0.034
BBG000BP0HX7;0.022
BBG000NN8497;0.121
BBG000BX5YM0;0.033
BBG000MM2P62;0.032
BBG000BWNFZ9;0.029
BBG00JH9TZ56;0.026
BBG00RP5HYS8;0.025
BBG00212PVZ5;0.044
BBG00JM7QBR6;0.078
BBG000C2BXK4;0.039
BBG000BV0VK7;0.025
BBG001KHJM17;0.044
BBG00Q011TW9;0.103
BBG000BRJ809;0.028
BBG000BK5DP1;0.024
BBG000BT5PG5;0.041
BBG000BHCP19;0.025
BBG000BS7KS3;0.021
BBG000BQZMH4;0.012
BBG0058KMH30;0.032
BBG000DM2BF3;0.043
BBG00P4R3079;0.029
BBG000PWTD92;0.028
BBG000BTQR96;0.031
BBG000BBDV81;0.023
BBG000R2YFG7;0.022
BBG001J2PFF5;0.078
BBG000DBD6F6;0.021
BBG000BKLH74;0.065
BBG0019K04R5;0.009
BBG001R1GCT0;0.067
BBG000PVGDH9;0.021
BBG000L4M7F1;0.021
BBG000CSRSG6;0.022
BBG000HG21Y3;0.023
BBG00FZYFVC5;0.03
BBG009PH3Q86;0.027
BBG000BY29C7;0.027
BBG000R04X57;0.018
BBG00DR7LTG2;0.036
BBG000BLMDQ9;0.025
BBG009Q036D0;0.026
BBG00B8NN386;0.026
BBG000BX3BL3;0.025
BBG000BT13B3;0.027
BBG000CKGBP2;0.012
BBG000F6YP24;0.042
BBG00HY6V6H5;0.02
BBG000BBKZD8;0.022
BBG000BFRF55;0.042
BBG00VJ17DS2;0.062
BBG000BLW102;0.037
BBG002583CV8;0.058
BBG000BRVKH0;0.04
BBG001MC8YF7;0.048
BBG003LYCMB1;0.014
BBG000PV3J62;0.02
BBG000BQ6CT5;0.032
BBG00VDHLSQ6;0.047
BBG000BCWG90;0.022
BBG00GSNPM07;0.026
BBG007WX14X0;0.053
BBG000PRJCX9;0.019
BBG000BVZP59;0.021
BBG000BWT790;0.061
BBG004RVFCY3;0.027
BBG00F6NKQX3;0.035
BBG000BCGHH7;0.051
BBG000BCWWV0;0.034
BBG000BKJ092;0.019
BBG000C2L2L0;0.029
BBG000C8D8G9;0.015
BBG000L8CBX4;0.023
BBG000BKRHQ7;0.015
BBG00YB1ZD58;0.044
BBG001PKMK06;0.053
BBG000C3NTN5;0.021
BBG000R33BD1;0.046
BBG0067QVJ50;0.04
BBG000BHG9K0;0.054
BBG000HF28Q9;0.018
BBG000C23KJ3;0.042
BBG000BJP882;0.023
BBG000BNMHS4;0.03
BBG000C46HM9;0.056
BBG000D9DMK0;0.026
BBG000BDD940;0.02
BBG000QXWHD1;0.049
BBG000LW3NX5;0.025
BBG000BDXCJ5;0.02
BBG005F1DK91;0.074
BBG000FJ0RK9;0.016
BBG00MMM95S7;0.076
BBG000BLRT07;0.026
BBG0145KL747;0.021
BBG000D0SMY8;0.019
BBG000DY6735;0.067
BBG000DSZTN6;0.037
BBG0029SNR63;0.043
BBG001J2QYS9;0.035
BBG000KGYRF8;0.092
BBG001ZZPQJ6;0.066
BBG000BQLTW7;0.025
BBG000PCQQL6;0.044
BBG000HL7499;0.026
BBG002YSC5M7;0.047
BBG00R4Z2NT4;0.034
BBG000BB6M98;0.011
BBG0078Y1D92;0.027
BBG000PRJ2Z9;0.039
BBG000BCPB71;0.02
BBG000R7XX87;0.041
BBG000SK7JS5;0.019
BBG000CZWZ05;0.025
BBG000BHTPZ4;0.028
BBG000BR37X2;0.016
BBG001D8R5D0;0.022
BBG000BHQJX3;0.052
BBG000PTSB12;0.042
BBG00R2JZG39;0.031
BBG000C2V3D6;0.028
BBG000BHJWG1;0.034
BBG000BBCDZ2;0.019
BBG00PZ78ZM0;0.07
BBG000GJS7C1;0.019
BBG000BBXB74;0.032
BBG000BMGPW0;0.019
BBG000DYGNW7;0.025
BBG001MFW6D6;0.026
BBG000H01H92;0.038
BBG000BFLXV3;0.027
BBG0027Z6X10;0.021
BBG000BF6756;0.021
BBG00D8JD9Z9;0.02
BBG009T22D49;0.034
BBG000DHXTF1;0.02
BBG006R5SSH5;0.073
BBG005Y3XWH9;0.028
BBG000BPZVW9;0.011
BBG000BD8ZK0;0.019
BBG000BBGQF1;0.035
BBG000BL9MZ4;0.023
BBG000VG1034;0.032
BBG000DBKR53;0.028
BBG000BC5WJ4;0.016
BBG000HJTMS9;0.032
BBG000BQPC32;0.025
BBG002B9T6Y1;0.017
BBG004731032;0.024
BBG000BKFZM4;0.027
BBG000TYXCT9;0.023
BBG00FQH6BS9;0.027
BBG000CCFB17;0.025
BBG000FQXC75;0.027
BBG000R607Y3;0.017
BBG000BH1NH9;0.038
BBG00QVJYGM9;0.053
BBG000BRNH31;0.001
BBG000BLMY92;0.015
BBG000BX8DC4;0.034
BBG000D2ZK61;0.024
BBG002H1K1H1;0.051
BBG005DJFD43;0.076
BBG000BM22F5;0.018
BBG000BG1SX2;0.033
BBG000H8LGK2;0.026
BBG000D4LWF6;0.016
BBG0029KJVB0;0.039
BBG000B9XG87;0.018
BBG000QJW156;0.02
BBG000BP46T2;0.027
BBG000LR8515;0.037
BBG004NLQHL0;0.066
BBG000BLGFJ9;0.016
BBG00PNR1BT2;0.067
BBG00225ZDD0;0.059
BBG001KY4N87;0.025
BBG000FQ6PY6;0.009
BBG000BXRPH1;0.018
BBG0035M2ZB7;0.027
BBG000J6XT05;0.016
BBG0025Y4RY4;0.014
BBG000PNTXP0;0.057
BBG0018SLC07;0.054
BBG000BWPP85;0.026
BBG000BL0T06;0.026
BBG000BF0672;0.024
BBG000FRVHB9;0.021
BBG000BCZBF1;0.026
BBG000BGGBT8;0.021
BBG000FFH4P5;0.019
BBG002YFXL29;0.025
BBG000C8NJ10;0.026
BBG000BX9WL1;0.025
BBG00BT7PPY8;0.119
BBG001BBSZV8;0.081
BBG000BBS2Y0;0.01
BBG00K4MPP27;0.008
BBG000BC1L02;0.018
BBG000LD9JQ8;0.04
BBG000BT0CM2;0.035
BBG000BJ49H3;0.026
BBG00LNJRQ09;0.028
BBG000BP0KQ8;0.015
BBG00QPYJ5H0;0.037
BBG000BDLCQ0;0.019
BBG000BRXTR8;0.022
BBG000CH5208;0.017
BBG005D7QCJ3;0.065
BBG000BJZ7V7;0.02
BBG0134WCM78;0.061
BBG00L2B8KW8;0.042
BBG000PSJMV7;0.033
BBG00P19DKZ6;0.059
BBG000DB3KT1;0.019
BBG000BCVG28;0.035
BBG000BW7X97;0.017
BBG000BWMX63;0.028
BBG000BGLRN3;0.023
BBG000D9KWL9;0.022
BBG000BRJL00;0.013
BBG000PZ0833;0.019
BBG000BLMXN8;0.024
BBG000RKXRQ1;0.025
BBG000JWD753;0.031
BBG0018FQNS6;0.032
BBG00W0KZD98;0.042
BBG000HHLBF9;0.043
BBG000RJ2J04;0.023
BBG003H0XV18;0.066
BBG000N2HDY5;0.035
BBG000G9W6L0;0.029
BBG000C43RR5;0.028
BBG000HGYNZ9;0.031
BBG004730N88;0.017
BBG000BHKYH4;0.025
BBG001C7PMJ2;0.057
BBG000C13CD9;0.036
BBG000C8L273;0.033
BBG000BCLYL9;0.018
BBG000MQ1SN9;0.015
BBG000BQVTF5;0.019
BBG000BR85F1;0.013
BBG000BGYWY6;0.026
BBG00Y7BP8Y1;0.093
BBG000BGX2S0;0.022
BBG000BJD7C2;0.031
BBG000MBHNC8;0.024
BBG000BLR3Y7;0.012
BBG000BS0ZF1;0.027
BBG001J4BCN4;0.054
BBG000NVSBL7;0.106
BBG000F8RCH1;0.021
BBG00DW0PN34;0.03
BBG000BJ2D31;0.025
BBG001KFKQM7;0.031
BBG000DHPN63;0.012
BBG001M6CZY1;0.024
BBG000BB4HM6;0.033
BBG000CVRFS4;0.03
BBG00Y6G6X31;0.088
BBG000B9ZLB0;0.042
BBG003MSMCS6;0.023
BBG00LPWLFD4;0.063
BBG000FW5ZL6;0.044
BBG000BVPV84;0.223
BBG004S689R0;0.02
BBG000D5S4M0;0.039
BBG0056JW5G6;0.074
BBG003BNWBP3;0.04
BBG004S68JR8;0.009
BBG0035WV4N9;0.043
BBG00M9BHPZ5;0.043
BBG00Y4RQNH4;0.036
BBG000Q4NZ54;0.029
BBG00F0SW7N8;0.037
BBG00NPL9WH7;0.276
BBG0018SLDN0;0.026
BBG0079T1PZ6;0.019
BBG000Q7ZZY2;0.035
BBG000NL6ZD9;0.012
BBG000CKGDS5;0.017
BBG000BBD5N1;0.015
BBG000PMSK08;0.033
BBG005DLMMZ6;0.028
BBG000CR20B1;0.031
BBG000JH6683;0.034
BBG000BCG930;0.015
BBG00YDGX945;0.036
BBG000KK3464;0.019
BBG000BC4185;0.041
BBG000F3CWW7;0.025
BBG00XP8NQN4;0.053
BBG000R5XCX9;0.034
BBG000BXPZB7;0.018
BBG00CBYY6M1;0.033
BBG000BVWZF9;0.027
BBG00G2HHYD7;0.024
BBG000BCTQ65;0.015
BBG000N7MXL8;0.056
BBG000C1HQ43;0.042
BBG000BN53G7;0.021
BBG00FN64XT9;0.049
BBG00NK8H8T2;0.02
BBG000BCRJM5;0.043
BBG00HY28K89;0.031
BBG000BGRB25;0.023
BBG00KY6K4L0;0.031
BBG000BPRN29;0.038
BBG000BQV1S2;0.038
BBG000BCQ6J8;0.033
BBG0039320N9;0.024
BBG00K7ZQ662;0.019
BBG000BM6N47;0.04
BBG000BPDDB6;0.017
BBG000BJCDS3;0.022
BBG000BH92D1;0.007
BBG000BTKR92;0.018
BBG000B9YJ35;0.02
BBG000DMBXR2;0.024
BBG000BQTMJ9;0.041
BBG000BMNBY1;0.024
BBG000HS74G6;0.018
BBG001C7PM75;0.027
BBG001CGB489;0.041
BBG000QF05R6;0.025
BBG000BVTPQ3;0.03
BBG005GBRSR6;0.024
BBG000BWSGF4;0.021
BBG000BKZB36;0.021
BBG000H3GDJ8;0.022
BBG006F8QZK4;0.037
BBG000J1QLT0;0.016
BBG000R466J1;0.007
BBG000BWBW76;0.046
BBG001WMKHH5;0.06
BBG000BL6CB5;0.046
BBG00KHRRDX3;0.055
BBG000BTR593;0.047
BBG00B6F2F09;0.064
BBG000GQGJT4;0.039
BBG00B6G8077;0.033
BBG000G7B4C2;0.05
BBG007NLG4L3;0.019
BBG000QDVR53;0.036
BBG000BP6LJ8;0.023
BBG001B17MV2;0.074
BBG00ZXBJ153;0.046
BBG000BBRPL4;0.014
BBG0026ZDDQ0;0.051
BBG007HWGYQ5;0.055
BBG0073F9RT7;0.028
BBG000BN3P07;0.029
BBG000BMSRR9;0.039
BBG00R45JYB7;0.039
BBG00HDGRHH7;0.045
BBG00441QMJ7;0.097
BBG000G3TQV2;0.015
BBG000BT0T72;0.008
BBG006HFPX77;0.068
BBG000C060M4;0.025
BBG000BKJG33;0.02
BBG000BJTZX0;0.015
BBG002832GV8;0.032
BBG000FVXD63;0.047
BBG000DKCC19;0.023
BBG000KTYB56;0.02
BBG000CF5097;0.029
BBG000BG88X9;0.025
BBG00GBVBK51;0.025
BBG000C2LZP3;0.027
BBG000BC3BJ2;0.023
BBG007KC7PB0;0.062
BBG000CZTB66;0.02
BBG001KY3845;0.015
BBG000F1ZSN5;0.021
BBG000BLV2Q3;0.036
BBG000BN5HF7;0.029
BBG000B9X8C0;0.013
BBG000DR5QP5;0.022
BBG000BN1M88;0.024
BBG000BRB5D9;0.012
BBG000BT7JW9;0.019
BBG00NN875G0;0.04
BBG000BN6KG8;0.016
BBG000BF4D19;0.014
BBG000BJ8YN7;0.017
BBG0077HPN74;0.077
BBG00B3T3HD3;0.042
BBG000C1DHF5;0.02
BBG000GTP1B6;0.107
BBG000BJKPG0;0.021
BBG000BSQLT9;0.017
BBG000BK6MB5;0.019
BBG000BB6R33;0.044
BBG000QCQ764;0.024
BBG00LMYX123;0.025
BBG0019JZ882;0.022
BBG005PG80K4;0.029
BBG000B9XYV2;0.025
BBG000F395V1;0.042
BBG00VDGP717;0.048
BBG000BRBX66;0.018
BBG000D54HT0;0.017
BBG000BDDNH5;0.027
BBG000BFSND8;0.031
BBG000DR0RZ7;0.054
BBG000H001V3;0.052
BBG000MDCQC2;0.017
BBG000BCWKD6;0.023
BBG000BVWLJ6;0.02
BBG000BCT197;0.021
BBG000BKY1G5;0.02
BBG00286S4N9;0.018
BBG0026ZFZC4;0.025
BBG000DJN7L9;0.02
BBG000BL16Q7;0.017
BBG000CSY9H9;0.057
BBG000BB99S3;0.023
BBG0059JSF49;0.04
BBG000FSMWC3;0.06
BBG0016SSV00;0.002
BBG000KHWT55;0.034
BBG001LWHLJ8;0.038
BBG00CWTTQ41;0.028
BBG000BPH299;0.015
BBG000DSQLQ0;0.016
BBG000BMX289;0.02
BBG000BHP8J4;0.068
BBG000FC7366;0.017
BBG005P7Q881;0.042
BBG000MXH9C1;0.093
BBG000J2XL74;0.018
BBG000BFQYY3;0.014
BBG000DLVDK3;0.034
BBG000BHZ5J9;0.038
BBG000S9XXB8;0.035
BBG000RJWGC4;0.022
BBG000BN56Q9;0.014
BBG000BG14P4;0.044
BBG002B04MT8;0.039
BBG000FXW512;0.029
BBG000BPGQ60;0.019
BBG000BW29L1;0.017
BBG000BQQH30;0.022
BBG000LV0836;0.023
BBG000BCD3D5;0.022
BBG000BLXZN1;0.036
BBG000C4LN67;0.024
BBG002GBMZG4;0.057
BBG000MTDW24;0.032
BBG000BGM5P8;0.064
BBG000BLMZK6;0.033
BBG000M44VW8;0.027
BBG000F5YH15;0.024
BBG000DRM643;0.026
BBG00LW7YK82;0.046
BBG00DL8NMV2;0.035
BBG001QYNR63;0.058
BBG000DPZHS3;0.005
BBG000WG2LQ1;0.03
BBG00Y61SZL5;0.072
BBG002DZS299;0.007
BBG000BWVSR1;0.014
BBG000BWB7V4;0.018
BBG000VLBCQ1;0.021
BBG000CGC1X8;0.029
BBG000DD0489;0.04
BBG009J8K7M0;0.042
BBG00DBBGRX1;0.046
BBG000C3W281;0.029
BBG002BC7WC5;0.051
BBG000DSMS70;0.042
BBG000GQ7K93;0.023
BBG00D8JC882;0.041
BBG000BPYD87;0.012
BBG0064N2T78;0.017
BBG000BVP5P2;0.023
BBG000F6ZWH2;0.049
BBG00741Y1N2;0.056
BBG000C7P5M7;0.0
BBG007DHGNJ4;0.061
BBG007HTCQT0;0.104
BBG00XV2T033;0.079
BBG000DX9JV7;0.032
BBG00BVR0D02;0.076
BBG000BFJT36;0.019
BBG000BB7SX7;0.019
BBG0145FSNR1;0.031
BBG000BWCKB6;0.03
BBG0022FDRY8;0.065
BBG000DN7P92;0.018
BBG000BHYT80;0.087
BBG000BLW530;0.023
BBG000C23PB0;0.014
BBG00ZNRRJM2;0.034
BBG000LYF3S8;0.012
BBG000C45984;0.016
BBG000BQNNP6;0.025
BBG008HD3V85;0.021
BBG000VC0FC1;0.028
BBG0056655S1;0.028
BBG0081NLHR0;0.028
BBG008NXC572;0.034
BBG000BWPR54;0.015
BBG000BPDXF8;0.017
BBG000H9LNX1;0.044
BBG0122M8031;0.019
BBG0029ZX840;0.061
BBG000CB8Q50;0.022
BBG000BJNGN9;0.029
BBG000CKVSG8;0.022
BBG000BVV7G1;0.021
BBG000M65M61;0.038
BBG011MCM288;0.051
BBG000BYZ0Q5;0.02
BBG000BNMMJ3;0.016
BBG0077VS2C0;0.027
BBG013QNJHP8;0.023
BBG000TY1CD1;0.016
BBG005497GZ3;0.029
BBG000H5G6L5;0.081
BBG00Y1DFV91;0.036
BBG0105XBRH0;0.036
BBG001DCCGR8;0.02
BBG000BP1Q11;0.022
BBG000BLK267;0.018
BBG005MX5GZ2;0.051
BBG000BKD3K9;0.041
BBG000BB72K8;0.015
BBG00BGKYH17;0.022
BBG000N7QR55;0.049
BBG000BS3CD1;0.028
BBG00GVXMJ74;0.092
BBG000F2XXP2;0.03
BBG000PQ4W72;0.054
BBG000HXNN20;0.014
BBG000BKZTP3;0.045
BBG000BGGTW5;0.028
BBG000BCQZS4;0.028
BBG0026ZJ304;0.056
BBG000BVKXQ5;0.055
BBG000BT7ZK6;0.02
BBG000MJRJJ2;0.046
BBG000PLF6N0;0.036
BBG000BVDBY2;0.024
BBG000BQ5DS5;0.023
BBG000BT1715;0.031
BBG000BSC0K9;0.064
BBG009S3NB30;0.023
BBG000H3YXF8;0.024
BBG000HCJMF9;0.024
BBG000BMTFR4;0.036
BBG000DNLMB0;0.034
BBG0027F0Y27;0.109
BBG000BMTX31;0.032
BBG000BD0TF8;0.023
BBG000CS0D96;0.028
BBG000Q1R1Y9;0.021
BBG000D54JC4;0.046
BBG001K1CT23;0.09
BBG000VFX6Y4;0.038
BBG000BMH2Q7;0.011
BBG000BRCHB4;0.027
BBG0019T5SG0;0.055
BBG006598YS8;0.032
BBG000BWQTD0;0.017
BBG000NDV1D4;0.013
BBG000C6CFJ5;0.025
BBG0044K5DM4;0.028
BBG001WTBC36;0.021
BBG000BDXGP9;0.023
BBG002V87SD0;0.033
BBG000F1ZSQ2;0.02
BBG000BBDZG3;0.024
BBG000BS9489;0.032
BBG00JXPFBN0;0.042
BBG000HSLV70;0.035
BBG000DMFQS2;0.027
BBG000BDDN94;0.041
BBG007FG0C23;0.017
BBG0065XPGX9;0.037
BBG000BRVP70;0.022
BBG000PXDL44;0.023
BBG00K7T3037;0.069
BBG000BG1DH3;0.004
BBG000BMFNP4;0.017
BBG000BV4DR6;0.027
BBG000PSXT64;0.081
BBG00XKM1DC3;0.06
BBG000BDSLD7;0.025
BBG000CTQBF3;0.024
BBG004S68758;0.035
BBG000BF0K17;0.019
BBG00172J7S9;0.028
BBG000BTGKK9;0.034
BBG000BZJQL8;0.019
BBG000BS9HN3;0.01
BBG0077VNXV6;0.037
BBG001JZPSQ2;0.044
BBG000FV1Z23;0.02
BBG000BGXZB5;0.05
BBG000DZJVH0;0.031
BBG000BGRY34;0.019
BBG000BKH263;0.052
BBG000QW7VC1;0.02
BBG00ZSDS6T8;0.059
BBG003981NS4;0.02
BBG00H2CS6K7;0.07
BBG000C41023;0.018
BBG000L9CV04;0.023
BBG000BBHXQ3;0.019
BBG00B8N0HG1;0.038
BBG000BFVZ83;0.016
BBG000QY6FL3;0.095
BBG004TC84Z8;0.025
BBG000BCCT76;0.031
TCS00A103X66;0.01
BBG000K4WS65;0.044
BBG000BSBBP1;0.016
BBG004S686N0;0.046
BBG000BWQFY7;0.028
BBG000P2TYL8;0.033
BBG008F2T3T2;0.026
BBG000BG5BL8;0.034
BBG001K61W36;0.042
BBG000BJF1Z8;0.031
BBG005PXTR70;0.034
BBG0077SYZV6;0.056
BBG000FQRVM3;0.023
BBG000P1K2X6;0.03
BBG009DFHWG6;0.031
BBG00W0L8GW3;0.053
BBG000C4ZZ10;0.06
BBG00M0X4584;0.045
BBG000G0Z878;0.02
BBG00L9HLWV8;0.021
BBG000RJL816;0.037
BBG000BGKTF9;0.032
BBG000BJL3N0;0.025
BBG000BQ4512;0.063
BBG0014XR0N5;0.052
BBG000BH3GZ2;0.017
BBG0028ZMP45;0.028
BBG000BLZRJ2;0.023
BBG000F5VVB6;0.021
BBG0084BBZY6;0.039
BBG004731489;0.018
BBG000BNY197;0.022
BBG000P7S7L7;0.117
BBG000BS48J3;0.034
BBG007FL7ZD2;0.003
BBG000C2ZCH8;0.015
BBG000BQGLS5;0.011
BBG000BV59Y6;0.019
BBG0078W3NQ3;0.039
BBG000BCQM58;0.014
BBG000BLNNH6;0.018
BBG000BGPQW1;0.037
BBG000C136Z8;0.025
BBG000BP1152;0.034
BBG000Q5ZRM7;0.017
BBG00DYPZ4T0;0.031
BBG000BM0QL7;0.03
BBG000C3KB84;0.018
BBG004S687G6;0.018
BBG00LN4B5N0;0.023
BBG009NRSWJ4;0.048
BBG000BSZ738;0.015
BBG000PXGT62;0.036
BBG000BVXPZ8;0.02
BBG005D1WCQ1;0.067
BBG000BD53V2;0.019
BBG000FWGSZ5;0.038
BBG00H19F184;0.069
BBG000C1BCK2;0.024
BBG000N16BP3;0.023
BBG000LNL298;0.029
BBG006473QX9;0.044
BBG000BPBTL2;0.023
BBG00ZVC67K7;0.026
BBG00Y91R9T3;0.036
BBG00HTN2CQ3;0.059
BBG000BFCS17;0.04
BBG000CXYSZ6;0.03
BBG000BB88K4;0.024
BBG000BHPL78;0.023
BBG003T4VFC2;0.036
BBG000BC33T9;0.022
BBG005H82GB2;0.028
BBG009CL6VK3;0.066
BBG005ZVK9P2;0.072
BBG001C7TST4;0.047
BBG000JG0547;0.018
BBG000BBTJZ1;0.015
BBG00S1HJ3M8;0.047
BBG004S686W0;0.024
BBG000BNPYN9;0.018
BBG000BV95H9;0.027
BBG000CJ2181;0.031
BBG000QKVV49;0.08
BBG000BNTTY4;0.029
BBG000BZ0DK8;0.022
BBG006D97VY9;0.062
BBG00HMJ9H54;0.055
BBG00HFWVGN0;0.034
BBG000GZQ728;0.017
BBG000BTYP37;0.113
BBG0063GCHH8;0.045
BBG000FTLBV7;0.134
BBG000BRRG02;0.03
BBG00L4CWQ45;0.065
BBG000BBL0Y1;0.024
BBG000BSSC44;0.017
BBG000BX24N8;0.027
BBG004S68FR6;0.069
BBG000BT41Q8;0.031
BBG00H9MNDZ2;0.029
BBG000BVMPN3;0.022
BBG0029SG1C1;0.024
BBG000BG7GX2;0.021
BBG000NLC9Z6;0.022
BBG000CL9JV4;0.021
BBG00475K2X9;0.029
BBG00XDH4NZ2;0.042
BBG000DTT624;0.015
BBG001DCTG63;0.073
BBG000BFVXX0;0.014
BBG0021PH456;0.024
BBG000BC6M41;0.05
BBG000BDCM24;0.035
BBG000BH5LT6;0.065
BBG006FCB019;0.022
BBG000C3TKY6;0.025
BBG000BFV758;0.036
BBG004S685M3;0.014
BBG000CTSZQ6;0.024
BBG004S68614;0.027
BBG00DDY1RK9;0.12
BBG000C0BZD1;0.05
BBG000C4Z6C2;0.018
BBG000CQV2N4;0.017
BBG00VSH86G4;0.041
BBG000BX72V8;0.023
BBG00C4DL9L4;0.063
BBG000BB1TH9;0.033
BBG000BX7DH0;0.028
BBG00341H6M0;0.039
BBG00GFMPRK0;0.048
BBG000LF8708;0.016
BBG000C7LMS8;0.036
BBG000C496P7;0.037
BBG000BDPB15;0.103
BBG000R7Z112;0.033
BBG00XGCHFV7;0.066
BBG000KK1L04;0.03
BBG000BPH459;0.017
BBG000DQTXY6;0.031
BBG014GJ8XH2;0.055
BBG004T7VS53;0.024
BBG000PMBV39;0.016
BBG00B0FS947;0.027
BBG004731354;0.026
BBG000GQSRR5;0.035
BBG000C0RGY3;0.03
BBG000F86GP6;0.025
BBG000BCRMW7;0.015
BBG006PWZX16;0.038
BBG00SSQFPK6;0.022
BBG000BM2FL9;0.031
BBG000BV4XJ1;0.038
BBG000BHY4D9;0.019
BBG000QT15P7;0.044
BBG0088CYPX8;0.013
BBG000C1S2X2;0.023
BBG000BLSL58;0.017
BBG006G2JVL2;0.302
BBG000G3QLY3;0.024
BBG000BLPBL5;0.017
BBG005CM7J89;0.055
BBG000BD1HP2;0.013
BBG000QCW561;0.029
BBG000PD6X77;0.018
BBG000BKVJK4;0.021
BBG008N298Y8;0.05
BBG004KB3S72;0.067
BBG000BL79J3;0.047
BBG004HXD0G8;0.022
BBG000BR3KL6;0.019
BBG000D7RKJ5;0.019
BBG000BZCKH3;0.026
BBG000BK9W84;0.015
BBG00JN4FXG8;0.043
BBG000BJ26K7;0.042
BBG000BMQPL1;0.025
BBG000BC2R71;0.033
BBG000GX14P2;0.045
BBG000BFNR17;0.048
BBG000BT1ZY7;0.009
BBG00DQD26W3;0.074
BBG000BBXVK5;0.02
BBG004730RP0;0.023
BBG000C2D1C1;0.029
BBG000RTDY25;0.025
BBG000FKJRC5;0.031
BBG000BJW241;0.026
BBG000WCFV84;0.029
BBG00MJM7K82;0.049
BBG000BB61F7;0.02
BBG002B2J5X0;0.057
BBG000C2PW58;0.029
BBG000CYW7N5;0.018
BBG000BSXQV7;0.023
BBG012W99DN6;0.053
BBG000BCVJ77;0.013
BBG000NV1KK7;0.041
BBG000BR14K5;0.014
BBG000BDGHD9;0.025
BBG000BBNYF6;0.028
BBG004S68696;0.026
BBG000C0LW92;0.022
BBG00S1LR2C3;0.029
BBG000BWVCP8;0.02
BBG001RWPDW6;0.049
BBG000BKDWB5;0.033
BBG000BWGYF8;0.023
BBG000J79P80;0.015
BBG000C1XSP8;0.068
BBG000BQY289;0.02
BBG000Q3XWC4;0.064
BBG00475K6C3;0.048
BBG001M2SC01;0.032
BBG000PKZDX4;0.033
BBG0136BTL03;0.032
BBG000BN5LG7;0.035
BBG000CL1FG7;0.029
BBG000P5LMQ0;0.049
BBG00MRHG523;0.019
BBG000BCZYD3;0.014
BBG000KTF667;0.04
BBG000BS73J1;0.026
BBG000L69KL5;0.037
BBG00WCNDCZ6;0.039
BBG00BLVZ228;0.019
BBG006G063F9;0.016
BBG01138DGZ7;0.042
BBG000C42VX0;0.018
BBG000C4GBR6;0.021
BBG000H6K1B0;0.025
BBG000DN4ZT1;0.026
BBG000BBSJ28;0.016
BBG000ND1SB0;0.033
BBG00RRGSJR4;0.034
BBG007TJF1N7;0.029
BBG000BRMJN6;0.011
BBG010R8C3Y4;0.129
BBG000BB5B84;0.022
BBG000BF8CB6;0.028
BBG000CM6L31;0.076
BBG000G7W420;0.004
BBG000BL30Y9;0.047
BBG000BSS5C0;0.028
BBG000BVXC87;0.017
BBG000CC7LQ7;0.035
BBG000BHCYJ1;0.05
BBG000PRQ0V9;0.024
BBG008HNS333;0.09
BBG000C1FB75;0.019
BBG00389GQ73;0.048
BBG000BGPTV6;0.019
BBG000C75N77;0.029
BBG000PTLGZ1;0.028
BBG005XVXML5;0.032
BBG00DXDL6Q1;0.028
BBG001D0HB36;0.047
BBG000HT5G06;0.031
BBG000VPGNR2;0.018
BBG00KXRCDP0;0.021
BBG0047315Y7;0.014
BBG00P1919G5;0.038
BBG000QTFDQ4;0.044
BBG00MMDJG84;0.045
BBG00VPKLPX4;0.058
BBG001Y04TN6;0.047
BBG000D0FNV3;0.04
BBG000BC3WH8;0.027
BBG006GNSZW5;0.021
BBG000H556T9;0.017
BBG000C42VL3;0.023
BBG000C1BW00;0.016
BBG000P1B7C8;0.018
BBG000BG7L34;0.017
BBG003CVJP50;0.063
BBG000N7KJX8;0.077
BBG000F61RJ8;0.024
BBG000BNJHS8;0.025
BBG000BKTXF2;0.019
BBG000QKNLB2;0.012
BBG00QVJVYB5;0.017
BBG009XW8PY2;0.051
BBG000BCVMH9;0.023
BBG000BD2NY8;0.023
BBG000Q49F45;0.003
BBG000BQDF10;0.03
BBG000NSCNT7;0.022
BBG00333FYS2;0.035
BBG000BBS9F6;0.013
BBG004M9ZHX5;0.056
BBG000CTM4J9;0.025
BBG000BPXVJ6;0.017
BBG000BNTW77;0.015
BBG000C22QV7;0.023
BBG000BKXBV7;0.016
BBG000C1XVK6;0.016
BBG000BHB3M6;0.02
BBG000D898T9;0.017
BBG006JS5785;0.063
BBG000BP4MH0;0.02
BBG000BL9C59;0.053
BBG000BP8Z50;0.019
BBG000BNHSP9;0.024
BBG00TJGL0F0;0.042
BBG000J0D904;0.058
BBG001J2M542;0.058
BBG000BBQCY0;0.035
BBG001B4BV87;0.028
BBG000BPBVW5;0.027
BBG00P9KDZK6;0.069
BBG00FYCQ352;0.042
BBG000BCMBG4;0.033
BBG011P2TCH8;0.054
BBG000BLCPY4;0.04
BBG00RCNQMX3;0.038
BBG000BX2YN2;0.025
BBG00YQ7XR05;0.054
BBG00HY28P97;0.072
BBG000C04224;0.029
BBG000BCFNR4;0.024
BBG004SK5VL9;0.05
BBG006Q52RD0;0.051
BBG000DCGRL8;0.028
BBG000BJX8C8;0.025
BBG0026ZJQX7;0.058
BBG000BFD605;0.021
BBG000BLF8D2;0.024
BBG000FV28W9;0.011
BBG00JRH1P95;0.028
BBG000GW06J7;0.051
BBG000Q3JN03;0.036
BBG000BF8CN3;0.03
BBG00R4ZKPN5;0.065
BBG0063FKTD9;0.018
BBG000BQ4GG2;0.019
BBG000FFDM15;0.017
BBG000C23DD5;0.048
BBG000BKCFC2;0.019
BBG000BJGGV8;0.016
BBG001P63B80;0.025
BBG000BKYVF0;0.028
BBG000M1J270;0.016
BBG003PS7JV1;0.018
BBG000RTHVK7;0.014
BBG000PQPCM6;0.022
BBG0082W8Q12;0.01
BBG014630587;0.036
BBG000BT0ZM1;0.027
BBG001KWWRS9;0.049
BBG000BWFH48;0.032
BBG000CZ8W54;0.039
BBG000BMHYD1;0.012
BBG000W325F7;0.021
BBG000VQWH86;0.032
BBG004S687W8;0.093
BBG000BRWWH3;0.02
BBG000BFZVH8;0.033
BBG000BHR1H9;0.025
BBG000BBHHP9;0.017
BBG000BFJFX3;0.014
BBG004S68829;0.027
BBG000BMY992;0.025
BBG000BJBZ23;0.036
BBG00ZNSSKP3;0.043
BBG000B9Z0J8;0.025
BBG0047315D0;0.018
BBG008NMBXN8;0.065
BBG000BGYMH7;0.024
BBG000BV8DN6;0.025
BBG000BQLM34;0.032
BBG00BN96922;0.022
BBG008NVB1C0;0.019
BBG000RYC984;0.017
BBG001K003W2;0.049
BBG000BND699;0.031
BBG000CWL0F5;0.047
BBG000C1FQS9;0.012
BBG0019GM953;0.033
BBG000BKPL53;0.018
BBG006DZTJ56;0.103
BBG000BFT2L4;0.019
BBG000BFGNJ5;0.036
BBG001B12Z39;0.058
BBG000BGJRC8;0.022
BBG000BF6LY3;0.062
BBG0020BCPX5;0.058
BBG003PGJHP5;0.031
BBG000BRW644;0.022
BBG000QFH687;
BBG00Z5KBW72;0.05
BBG000BBX657;0.034
BBG00FBJ6390;0.065
BBG000BB5006;0.028
BBG000DZK6N6;0.027
BBG000NJ96L6;0.02
BBG00BTJVK94;0.062
TBG000PV2L86;0.03
BBG000BMW2Z0;0.014
BBG000BBFBD7;0.021
BBG000BHRBT4;0.023
BBG000BY33P5;0.032
BBG00KT2SCV8;0.031
BBG00C6H6D40;0.036
BBG00HPDM5Z2;0.007
BBG000C4QP94;0.016
BBG00178PGX3;0.031
BBG005Q3MQY4;0.068
BBG000BJ5SS8;0.016
BBG00265T6Q4;0.017
BBG000BT0J38;0.017
BBG000BK9YW3;0.068
BBG000BXMFC3;0.028
BBG000BVD6X4;0.019
BBG000BMT9T6;0.022
BBG00F9XX7H4;0.017
BBG000C7TF41;0.027
BBG000BPPN67;0.02
BBG000BJBXZ2;0.048
BBG000BF33K1;0.031
BBG000BN46R9;0.048
BBG000C5Z1S3;0.036
BBG004S688G4;0.019
BBG000BKYDP9;0.024
BBG0029ZBN50;0.049
BBG000BGZP70;0.026
BBG000BX74M4;0.014
BBG000RNBH63;0.027
BBG009DTD8H2;0.051
BBG007N0Z367;0.031
BBG00DHTYPH8;0.075
BBG000BVHBM1;0.024
BBG000BQSQ38;0.017
BBG005BLN209;0.032
BBG000F0R4N9;0.043
BBG000CVWGS6;0.006
BBG000BGLFP7;0.021
BBG000G25P51;0.027
BBG000BX6BJ3;0.002
BBG00HMSHL83;0.04
BBG00179VSY7;0.005
BBG00KXC8646;0.067
BBG000QK0TG5;0.02
BBG00BN969C1;0.022
BBG000BHD8S7;0.033
BBG001Y2XS07;0.044
BBG000QSXPZ9;0.03
BBG000CC53X1;0.023
BBG000BKTFN2;0.026
BBG000Q2HM09;0.034
BBG000BNFLM9;0.035
BBG000JCZJS2;0.02
BBG000C4S3P3;0.015
BBG003LFWP05;0.026
BBG000BRNLL2;0.027
BBG000BCSST7;0.031
BBG000QP35H2;0.063
BBG00HJ8K617;0.088
BBG0078ZLDG9;0.03
BBG000QKXH20;0.066
BBG000BSJK37;0.013
BBG000BD0GG5;0.032
BBG000LNHHJ9;0.006
BBG01103B471;0.041
BBG000BBQ209;0.033
BBG00M4ZQDK0;0.097
BBG000BQ4WF8;0.035
BBG000C734W3;0.023
BBG000B9ZV28;0.022
BBG000Q4XNV1;0.024
BBG000PR0PJ6;0.051
BBG014KFRNP7;0.037
BBG000BMLWX8;0.029
BBG000BKF014;0.034
BBG000PXZFW2;0.024
BBG012YQ6P43;0.04
BBG000BW8S60;0.017
BBG00JPRDQH1;0.022
BBG000RK52V1;0.042
BBG000BGXMG9;0.032
BBG00LN7Q496;0.046
BBG00BN961G4;0.026
BBG000C4QB95;0.05
BBG000BSMFN2;0.015
BBG00YFSF9D7;0.059
BBG000GPXKX9;0.023
BBG000F964B6;0.012
BBG000QPHD08;0.021
BBG00NPWH832;0.018
BBG004S682J4;0.026
BBG005XZHR97;0.036
BBG00DYNJGH9;0.026
BBG000BQHTV3;0.027
BBG000K4ND22;0.018
BBG000CVKZY0;0.019
BBG000BTC2N0;0.017
BBG001KJ7WJ5;0.085
BBG00JHNKJY8;0.034
BBG000BF3G77;0.02
BBG000BQWPC5;0.027
BBG000BGZT72;0.033
BBG001BP92V1;0.036
BBG00H00J2N1;0.051
BBG000CX0P89;0.028
BBG000BKWSR6;0.028
BBG000BB2KN0;0.025
BBG000BVLRY8;0.024
BBG000DY28W5;0.026
BBG011386VF4;0.035
BBG000PSKYX7;0.022
BBG000BBJQV0;0.044
BBG000D8KTN6;0.012
BBG0026ZG4W0;0.032
BBG004RVFFC0;0.03
BBG000BHBGN6;0.032
BBG000DZS2L9;0.034
BBG000BB5373;0.017
BBG00QN8K4M4;0.028
BBG000VFBQG4;0.069
BBG000C2SBZ8;0.062
BBG000GTYWL7;0.02
BBG003BW05K6;0.021
BBG00LJYS1P8;0.027
BBG007BBS8B7;0.13
BBG000FKMP26;0.028
BBG00QV8FS02;0.035
BBG001K7WBT8;0.061
BBG000BZ9223;0.02
BBG000CHSS88;0.038
BBG000QS6NV8;0.035
BBG00VCZX9Z6;0.026
BBG000BRD0D8;0.023
BBG000MZL2S9;0.048
BBG000G2GJT7;0.047
BBG000BS4MP5;0.057
BBG004S682Z6;0.009
BBG000CTV4N4;0.034
BBG000BLDV98;0.023
BBG000BB0WG4;0.02
BBG000BTT3D1;0.033
BBG000BBK401;0.035
BBG000BF7BV7;0.061
BBG000BSFRF3;0.031
BBG000BWPXQ8;0.013
BBG000C5HS04;0.028
BBG004S68CV8;0.013
BBG000BSHH72;0.03
BBG000HGTH33;0.034
BBG000BP02D2;0.014
BBG000D13GN8;0.048
BBG00LDPZMS6;0.047
BBG000BW3299;0.019
BBG0059FN811;0.019
BBG000KQY8Y7;0.019
BBG000TJ8XZ7;0.016
BBG000RQBFV2;0.02
BBG000BDTT76;0.021
BBG0016T3GQ0;0.032
BBG000C90DH9;0.026
BBG00R240WL5;0.103
BBG000BH6360;0.02
BBG000GRZDV1;0.014
BBG001WWJTK5;0.059
BBG000JK9DK4;0.064
BBG004S68CP5;0.022
BBG001J2R5H3;0.029
BBG0016MQ7C5;0.044
BBG000G6Y5W4;0.026
BBG00RQ732B6;0.061
BBG00FX58Q66;0.02
BBG000BPMH90;0.033
BBG000BB9Q78;0.039
BBG000BJ3PD2;0.022
BBG00GVR8YQ9;0.021
BBG000PPFKQ7;0.015
BBG000MHTV89;0.036
BBG000BB65D0;0.023
BBG000FLZN98;0.027
BBG000BR54L0;0.027
BBG000BB6WG8;0.023
BBG00W7F99V5;0.049
BBG000G8N9C6;0.045
BBG000BN2DC2;0.028
BBG000H8TVT2;0.063
BBG00FWQ4VD6;0.049
BBG00MS90LK2;0.052
BBG000J3D1Y8;0.062
BBG00P33SY72;0.046
BBG000C7X325;0.03
BBG00HXSHDQ9;0.036
BBG000BNLPJ7;0.031
BBG007GJ2F81;0.034
BBG000BM5SR2;0.017
BBG000QFPM65;0.039
BBG000BBGGQ1;0.021
BBG000DQLV23;0.012
BBG00GCTWDJ3;0.097
BBG000BKRSZ3;0.017
BBG000BGFGT8;0.02
BBG004Z2RGW8;0.015
BBG0014GJCT9;0.038
BBG001QZCPJ2;0.053
BBG000DQN9R3;0.022
BBG004S68BH6;0.031
BBG002NLDLV8;0.048
BBG000CN80Y9;0.103
BBG017J18W74;0.05
BBG000BH0106;0.03
BBG004S681B4;0.022
BBG000FDBX90;0.022
BBG006Q52QV2;0.036
BBG000BG4202;0.026
BBG000BB0V03;0.017
BBG00XK3WVD0;0.026
BBG000C3G9J2;0.043
BBG0046L1KL9;0.076
BBG000C3FGH9;0.014
BBG000BJQWD2;0.013
BBG000CPBCL8;0.031
BBG008P7F869;0.041
BBG00QVJV6V4;0.069
BBG000H6HNW3;0.029
BBG00HVKH3Q0;0.065
BBG000R0L5J4;0.033
BBG000C101X4;0.033
BBG000BCNF74;0.016
BBG000BBWF85;0.041
BBG000BQ2C28;0.019
BBG000RG4ZQ4;
BBG00564Y443;0.036
BBG000BC4JJ4;0.019
BBG000G1C210;0.017
BBG000BD8PN9;0.021
BBG00PNN7C40;0.035
BBG000NS3P30;0.021
BBG000DD8WX1;0.018
BBG000BV6R84;0.038
BBG00F17NDH7;0.034
BBG000BKNX95;0.039
BBG000BMQCP6;0.028
BBG000C4FQG6;0.02
BBG000D2ZTS8;0.045
BBG00475KHX6;0.022
BBG00RPJPN67;0.044
BBG00DWX7QH0;0.169
BBG00R0ZFHV4;0.053
BBG003338H34;0.059
BBG000BB6G37;0.021
BBG000BC9938;0.068
BBG000BW6JV4;0.02
BBG000C17X76;0.017
BBG007BVZ8H9;0.04
BBG000CGJMB9;0.018
BBG000BN84F3;0.016
BBG0019V9M65;0.042
BBG000BH3JF8;0.026
BBG000DS5588;0.025
BBG000C5Z443;0.023
BBG000BM7HL0;0.034
BBG0065B7K59;0.03
BBG000BT9DW0;0.012
BBG007Z9V591;0.043
BBG000BKR1D6;0.015
BBG004S681W1;0.03
BBG000PZGB75;0.033
BBG000BQSBB2;0.04
BBG000NLB2G3;0.015
BBG000BGVW60;0.011
BBG00NNG2ZJ8;0.024
BBG004S68C39;0.016
BBG0025X16Y5;0.044
BBG000CFZ003;0.018
BBG000BX28M0;0.019
BBG000BMLVJ6;0.029
BBG004TPGBP5;0.12
BBG002B298N6;0.014
BBG007DLZ601;0.069
BBG000BTVJ25;0.025
BBG000BK2F42;0.021
BBG000DW4LB1;0.024
BBG000N625H8;0.033
BBG004S681M2;0.027
BBG000BXM6V2;0.058
BBG008LJ4TF3;0.022
BBG000BFPK65;0.016
BBG004S68BR5;0.03
BBG000C42WS4;0.024
BBG00CZNLR47;0.019
BBG001KJ2HM9;0.014
BBG00L2DB535;0.036
BBG0320C1036;0.117
BBG004WQKD07;0.011
BBG001NDW1Z7;0.081
BBG003PHHZT1;0.044
BBG000J094P3;0.055
BBG004S68507;0.028
BBG000L5CJF3;0.043
BBG000NLCCM3;0.037
BBG00LLW2MF2;0.043
BBG000BNNYW1;0.038
BBG000BD9FD1;0.02
BBG00F9YLST6;0.098
BBG00DW3SZS1;0.043
BBG000BVVQQ8;0.026
BBG000SR0YS4;0.017
BBG002GHV6L9;0.016
BBG000CDMJW6;0.026
BBG001MB89V6;0.06
BBG000TGLV00;0.029
BBG00PQ4XJ45;0.079
BBG000H1RYG7;0.038
BBG000BQW085;0.026
BBG000BM9RH1;0.029
BBG005L86G05;0.021
BBG004S684M6;0.026
BBG000GQSVC2;0.035
BBG00KHY5S69;0.033
BBG001PD3L10;0.016
BBG00VR8SDG8;0.074
BBG000V07CB8;0.127
BBG001J1BQ86;0.06
BBG002BCQK67;0.019
BBG000KLB4Q1;0.028
BBG0016YQTR5;0.03
BBG000DCCZW2;0.032
BBG00QKJSX05;0.027
BBG00BLYKS03;0.046
BBG000Q7GJ60;
BBG000BBR9P6;0.032
BBG00PKCBY53;0.1
BBG000H9G7X2;0.076
BBG001R16GZ5;0.153
BBG000BCLBY5;0.061
BBG002Q7J5Z1;0.024
BBG000PV2M48;0.021
BBG000BPWXK1;0.017
BBG000JYP7L8;0.025
BBG000BK5S78;0.042
BBG000FR1RP5;0.017
BBG003CVMLQ2;0.018
BBG000CHZ857;0.02
BBG00LBLCD02;0.035
BBG000H3FZM6;0.019
BBG000BSV0W5;0.059
BBG000BB4D72;0.028
BBG000BHX7N2;0.02
BBG000NDYB67;0.027
BBG000QX74T1;0.025
BBG00HFFRW39;0.027
BBG000GCSWR5;0.022
BBG00MS4Y0W9;0.075
BBG000BX4S53;0.022
BBG000BKFBD7;0.029
BBG00TZNCJ75;0.04
BBG003PDKJF7;0.054
BBG000BNGTQ7;0.058
BBG000PYX812;0.04
BBG006N7S6K9;0.021
BBG00475KKY8;0.023
BBG005TJKDZ6;0.031
BBG000BP52R2;0.014
BBG000HCVWW4;0.016
BBG000BZ2QG2;0.033
BBG000F6H7K3;0.0
BBG000BBL8V7;0.024
BBG000MBDGM6;0.023
BBG000BS5170;0.02
BBG000LLRNX3;0.03
BBG000BGKHZ3;0.02
BBG009HSTZ10;0.15
BBG004S68598;0.034
BBG000D8RG11;0.015
BBG003NJHZT9;0.064
BBG000BGSPS5;0.018
BBG000HGNYG8;0.017
BBG000BH2JM1;0.02
BBG00YV1J622;0.061
BBG000DW34S2;0.044
BBG000BBXLW4;0.03
BBG000LWNRP3;0.008
BBG000BD2167;0.024
BBG001KS9450;0.067
BBG000BFL116;0.033
BBG000BVMG26;0.031
BBG005XR47P5;0.026
BBG00HPSG933;0.052
BBG000FY4S11;0.03
BBG000C3VHF1;0.032
BBG000BLDXH5;0.03
BBG00GKS1G03;0.052
BBG000BT2TP0;0.049
BBG000BCWCG1;0.039
BBG000DD3510;0.048
BBG000BP3NW2;0.013
BBG000BCMWM1;0.02
BBG000BVXFK6;0.032
BBG000BSHJ96;0.015
BBG000GM6Y84;0.03
BBG000BF6RQ9;0.049
BBG000BMBL90;0.016
BBG000BVQRY3;0.026
BBG000BJ5GK2;0.026
BBG000B9ZXB4;0.018
BBG000VJMH65;0.028
BBG000BS2ZD1;0.024
BBG00LSD4456;0.103
BBG000BM6788;0.02
BBG00Q741Z16;0.072
BBG000BBK4B9;0.023
BBG00GVP5JL4;0.024
BBG000KCZPC3;0.026
BBG010JBYV98;0.041
BBG001BBGNS2;0.105
BBG000BLHRS2;0.022
BBG000BMXK89;0.037
BBG017TGV7M2;0.041
BBG000BJPDZ1;0.027
BBG00B6W26V8;0.002
BBG000G7QX50;0.016
BBG000QTF8K1;0.05
BBG00CVQZQ96;0.025
BBG000DVB833;0.025
BBG00M1CKSK7;0.042
BBG000BFRRX8;0.024
BBG00ZHDJVK4;0.04
BBG000FQ7YR4;0.027
BBG010MW0N84;0.044
BBG00MJH9LC4;0.045
BBG017BXPZ85;0.026
BBG000BWLMJ4;0.024
BBG000BLRP41;0.032
BBG0112Z87D8;0.062
BBG00HVQF9K2;0.034
BBG000FJS1S8;0.022
BBG00XMJRPQ8;0.043
BBG000BKLTM1;0.032
BBG0098VVDT9;0.039
BBG000BNX3R4;0.014
BBG000D86F25;0.019
BBG000BVDLH9;0.023
BBG000BTT5B8;0.014
BBG000F31Z34;0.015
BBG00J0BBZL0;0.014
BBG006G412Q6;0.027
BBG000BGCQT9;0.039
BBG00H433CR2;0.011
BBG000MZL0Y6;0.039
BBG000DCNK80;0.021
BBG000PT6BR8;0.033
BBG000D9D830;0.026
BBG000DH7JK6;0.018
BBG000QF1Q17;0.025
BBG000F6H8W8;0.038
BBG004PYF2N3;0.032
BBG000Q0JJQ0;0.01
BBG009GSYN76;0.014
BBG001Q7HP63;0.073
BBG000BJ91B1;0.017
BBG000BKL348;0.019
BBG000BMFFQ0;0.016
BBG000BJD1D4;0.02
BBG001VBZR00;0.237
BBG004S68DD6;0.011
BBG00WYHL732;0.073
BBG000BNBDC2;0.026
BBG00LWZDYB9;0.054
BBG000BC7VW9;0.015
BBG003QBJKN0;0.064
BBG000LWVHN8;0.041
BBG0025XVR85;0.047
BBG000C5QMB5;0.025
BBG000BGF8B5;0.035
BBG0060CPLJ5;0.031
BBG000BCWSS3;0.035
BBG000BCY878;0.018
BBG000CN3S73;0.025
BBG000BJ41X2;0.021
BBG001R3MNY9;0.041
BBG001J19V24;0.042
BBG000FP1N32;0.03
BBG000C2PL98;0.023
BBG00JG0FFZ2;0.052
BBG000H7ZK57;0.051
BBG000D1Y3P1;0.027
BBG000T8ZF80;0.019
BBG000BKKQ84;0.029
BBG000BWP7D9;0.014
BBG00NNW8JK1;0.084
BBG008HBD923;0.066
BBG00MVWLLM2;0.047
BBG000VH7TZ8;0.028
BBG00LV3NRG0;0.061
BBG000FVZQY1;0.1
BBG000BM0597;0.017
BBG000BLKK03;0.018
BBG003DNHV56;0.036
BBG000C3J3C9;0.042
BBG005DWN8K8;0.055
BBG004S68473;0.031
BBG000BL46Q4;0.026
BBG00SDJ8M78;0.083
BBG000BCZL41;0.021
BBG000BMKDM3;0.018
BBG000BBV4M5;0.072
BBG002B9MYC1;0.014
BBG000BBD070;0.018
BBG001MKZGY7;0.061
BBG00N9MJTZ9;0.094
BBG000C0HQ54;0.146
BBG000BNGBW9;0.069
BBG000BJDB15;0.036
BBG00GNC8DL2;0.021
BBG004S683W7;0.024
BBG000T88BN2;0.047
BBG000BW2QX0;0.022
BBG000BBVVK7;0.022
BBG000CRN8N8;0.028
BBG000Q9FZL4;0.03
BBG00N6NL712;0.148
BBG002W2FT69;0.01
BBG000BWJFZ4;0.029
BBG005BT60Y8;0.013
BBG003NXJNH6;0.021
