figi;buy_flag;sell_flag;rsi_float;date
BBG000HLJ7M4;1;0;0.0;date: 2012-01-04 00:00:00
BBG000BWS3F3;1;0;0.0;date: 2012-01-04 00:00:00
BBG000BH0FR6;1;0;0.0;date: 2012-01-04 00:00:00
BBG000BWS3F3;1;0;6.67;date: 2012-01-05 00:00:00
BBG000HLJ7M4;1;0;1.38;date: 2012-01-05 00:00:00
BBG000BH0FR6;1;0;0.15;date: 2012-01-05 00:00:00
BBG000BH0FR6;1;0;15.42;date: 2012-01-06 00:00:00
BBG000BWS3F3;1;0;6.44;date: 2012-01-06 00:00:00
BBG000HLJ7M4;1;0;1.38;date: 2012-01-06 00:00:00
BBG000HLJ7M4;1;0;2.73;date: 2012-01-09 00:00:00
BBG000BH0FR6;1;0;19.23;date: 2012-01-09 00:00:00
BBG000BWS3F3;1;0;6.19;date: 2012-01-09 00:00:00
BBG000BWS3F3;1;0;7.6;date: 2012-01-10 00:00:00
BBG000HLJ7M4;1;0;5.94;date: 2012-01-10 00:00:00
BBG000BH0FR6;1;0;18.42;date: 2012-01-10 00:00:00
BBG000BH0FR6;1;0;26.82;date: 2012-01-11 00:00:00
BBG000BWS3F3;1;0;11.17;date: 2012-01-11 00:00:00
BBG000HLJ7M4;1;0;5.77;date: 2012-01-11 00:00:00
BBG000HLJ7M4;1;0;5.75;date: 2012-01-12 00:00:00
BBG000BH0FR6;1;0;28.0;date: 2012-01-12 00:00:00
BBG000BWS3F3;1;0;13.32;date: 2012-01-12 00:00:00
BBG000BWS3F3;1;0;12.99;date: 2012-01-13 00:00:00
BBG000HLJ7M4;1;0;5.59;date: 2012-01-13 00:00:00
BBG000BH0FR6;1;0;23.68;date: 2012-01-13 00:00:00
BBG000BH0FR6;1;0;23.68;date: 2012-01-16 00:00:00
BBG000HLJ7M4;1;0;5.59;date: 2012-01-16 00:00:00
BBG000BWS3F3;1;0;12.99;date: 2012-01-16 00:00:00
BBG000BH0FR6;1;0;23.68;date: 2012-01-17 00:00:00
BBG000HLJ7M4;1;0;5.59;date: 2012-01-17 00:00:00
BBG000BWS3F3;1;0;12.99;date: 2012-01-17 00:00:00
BBG000HLJ7M4;1;0;16.39;date: 2012-01-18 00:00:00
BBG000BWS3F3;1;0;18.48;date: 2012-01-18 00:00:00
BBG000BH0FR6;1;0;23.08;date: 2012-01-18 00:00:00
BBG000BWS3F3;1;0;26.05;date: 2012-01-19 00:00:00
BBG000BH0FR6;1;0;28.35;date: 2012-01-19 00:00:00
BBG000HLJ7M4;1;0;22.89;date: 2012-01-19 00:00:00
BBG000BH0FR6;1;0;27.52;date: 2012-01-20 00:00:00
BBG000BWS3F3;1;0;24.8;date: 2012-01-20 00:00:00
BBG000HLJ7M4;1;0;22.76;date: 2012-01-20 00:00:00
BBG000BH0FR6;1;0;26.85;date: 2012-01-23 00:00:00
BBG000HLJ7M4;1;0;21.0;date: 2012-01-23 00:00:00
BBG000BWS3F3;1;0;26.25;date: 2012-01-23 00:00:00
BBG000HLJ7M4;1;0;14.33;date: 2012-01-24 00:00:00
BBG000BH0FR6;1;0;27.33;date: 2012-01-24 00:00:00
BBG000BWS3F3;1;0;28.41;date: 2012-01-24 00:00:00
BBG000HLJ7M4;1;0;14.92;date: 2012-01-25 00:00:00
BBG000BWS3F3;1;0;30.15;date: 2012-01-25 00:00:00
BBG000HLJ7M4;1;0;15.98;date: 2012-01-26 00:00:00
BBG000BWS3F3;1;0;29.24;date: 2012-01-26 00:00:00
BBG000HLJ7M4;1;0;21.87;date: 2012-01-27 00:00:00
BBG000HLJ7M4;1;0;21.48;date: 2012-01-30 00:00:00
BBG000HLJ7M4;1;0;21.15;date: 2012-01-31 00:00:00
BBG000HLJ7M4;1;0;25.78;date: 2012-04-27 00:00:00
BBG000HLJ7M4;1;0;25.78;date: 2012-04-28 00:00:00
BBG000HLJ7M4;1;0;25.78;date: 2012-04-30 00:00:00
BBG000HLJ7M4;1;0;24.66;date: 2012-05-01 00:00:00
BBG000HLJ7M4;1;0;23.6;date: 2012-05-02 00:00:00
BBG000HLJ7M4;1;0;22.78;date: 2012-05-03 00:00:00
BBG000HLJ7M4;1;0;27.13;date: 2012-06-04 00:00:00
BBG000BH0FR6;0;1;72.02;date: 2012-06-15 00:00:00
BBG000BWS3F3;0;1;71.47;date: 2012-06-18 00:00:00
BBG000BH0FR6;0;1;72.79;date: 2012-06-18 00:00:00
BBG000BH0FR6;0;1;73.12;date: 2012-06-19 00:00:00
BBG000BWS3F3;0;1;73.78;date: 2012-06-21 00:00:00
BBG000BH0FR6;0;1;71.85;date: 2012-06-27 00:00:00
BBG000BWS3F3;0;1;72.01;date: 2012-07-03 00:00:00
BBG000BWS3F3;0;1;72.01;date: 2012-07-04 00:00:00
BBG000BWS3F3;0;1;72.01;date: 2012-07-05 00:00:00
BBG000BWS3F3;0;1;72.53;date: 2012-07-17 00:00:00
BBG000HLJ7M4;0;1;70.58;date: 2012-08-09 00:00:00
BBG000HLJ7M4;0;1;69.94;date: 2012-08-28 00:00:00
BBG000HLJ7M4;0;1;72.76;date: 2012-08-29 00:00:00
BBG000HLJ7M4;0;1;70.13;date: 2012-09-07 00:00:00
BBG000HLJ7M4;0;1;70.13;date: 2012-09-08 00:00:00
BBG000HLJ7M4;0;1;70.13;date: 2012-09-10 00:00:00
BBG000HLJ7M4;0;1;70.62;date: 2012-09-11 00:00:00
BBG000HLJ7M4;0;1;71.24;date: 2012-09-12 00:00:00
BBG000HLJ7M4;0;1;72.78;date: 2012-09-13 00:00:00
BBG000BWS3F3;0;1;75.23;date: 2012-09-13 00:00:00
BBG000HLJ7M4;0;1;71.59;date: 2012-09-14 00:00:00
BBG000BWS3F3;0;1;71.06;date: 2012-09-18 00:00:00
BBG000BWS3F3;0;1;74.64;date: 2012-09-19 00:00:00
BBG000BWS3F3;0;1;77.54;date: 2012-09-20 00:00:00
BBG000BWS3F3;0;1;78.21;date: 2012-09-21 00:00:00
BBG000BWS3F3;0;1;75.79;date: 2012-09-24 00:00:00
BBG000HLJ7M4;0;1;71.15;date: 2012-10-01 00:00:00
BBG002293PJ4;0;1;100.0;date: 2012-11-05 00:00:00
BBG000HLJ7M4;0;1;72.18;date: 2012-11-06 00:00:00
BBG002293PJ4;0;1;100.0;date: 2012-11-06 00:00:00
BBG002293PJ4;0;1;97.13;date: 2012-11-07 00:00:00
BBG002293PJ4;0;1;97.26;date: 2012-11-08 00:00:00
BBG000BH0FR6;1;0;29.48;date: 2012-11-08 00:00:00
BBG002293PJ4;0;1;91.6;date: 2012-11-09 00:00:00
BBG002293PJ4;0;1;91.64;date: 2012-11-12 00:00:00
BBG002293PJ4;0;1;91.7;date: 2012-11-13 00:00:00
BBG002293PJ4;0;1;92.03;date: 2012-11-14 00:00:00
BBG002293PJ4;0;1;92.11;date: 2012-11-15 00:00:00
BBG002293PJ4;0;1;92.4;date: 2012-11-16 00:00:00
BBG002293PJ4;0;1;92.44;date: 2012-11-19 00:00:00
BBG002293PJ4;0;1;92.89;date: 2012-11-20 00:00:00
BBG002293PJ4;0;1;89.71;date: 2012-11-21 00:00:00
BBG002293PJ4;0;1;89.71;date: 2012-11-22 00:00:00
BBG002293PJ4;0;1;89.71;date: 2012-11-23 00:00:00
BBG002293PJ4;0;1;91.07;date: 2012-11-26 00:00:00
BBG002293PJ4;0;1;82.04;date: 2012-11-27 00:00:00
BBG002293PJ4;0;1;82.96;date: 2012-11-28 00:00:00
BBG002293PJ4;0;1;83.04;date: 2012-11-29 00:00:00
BBG002293PJ4;0;1;82.61;date: 2012-11-30 00:00:00
BBG002293PJ4;0;1;81.88;date: 2012-12-03 00:00:00
BBG002293PJ4;0;1;81.69;date: 2012-12-04 00:00:00
BBG002293PJ4;0;1;78.24;date: 2012-12-05 00:00:00
BBG002293PJ4;0;1;79.21;date: 2012-12-06 00:00:00
BBG002293PJ4;0;1;79.23;date: 2012-12-07 00:00:00
BBG002293PJ4;0;1;77.91;date: 2012-12-10 00:00:00
BBG002293PJ4;0;1;78.07;date: 2012-12-11 00:00:00
BBG002293PJ4;0;1;78.23;date: 2012-12-12 00:00:00
BBG000BWS3F3;0;1;70.83;date: 2012-12-31 00:00:00
BBG000BWS3F3;0;1;70.83;date: 2013-01-01 00:00:00
BBG000BWS3F3;0;1;70.83;date: 2013-01-02 00:00:00
BBG000BWS3F3;0;1;74.22;date: 2013-01-03 00:00:00
BBG000BWS3F3;0;1;70.23;date: 2013-01-04 00:00:00
BBG000BWS3F3;0;1;73.83;date: 2013-01-11 00:00:00
BBG000BWS3F3;0;1;75.94;date: 2013-01-14 00:00:00
BBG000BH0FR6;0;1;72.66;date: 2013-01-16 00:00:00
BBG000BH0FR6;0;1;72.27;date: 2013-01-17 00:00:00
BBG000BH0FR6;0;1;72.55;date: 2013-01-28 00:00:00
BBG000BH0FR6;0;1;71.85;date: 2013-01-29 00:00:00
BBG000BH0FR6;0;1;72.09;date: 2013-01-30 00:00:00
BBG000BWS3F3;0;1;71.34;date: 2013-03-11 00:00:00
BBG000BH0FR6;0;1;73.89;date: 2013-03-13 00:00:00
BBG000BH0FR6;0;1;76.64;date: 2013-03-14 00:00:00
BBG000BH0FR6;0;1;77.97;date: 2013-03-15 00:00:00
BBG000BH0FR6;0;1;78.38;date: 2013-03-18 00:00:00
BBG000BH0FR6;0;1;78.84;date: 2013-03-19 00:00:00
BBG000BH0FR6;0;1;75.44;date: 2013-03-20 00:00:00
BBG000BH0FR6;0;1;78.8;date: 2013-03-21 00:00:00
BBG000BH0FR6;0;1;80.76;date: 2013-03-22 00:00:00
BBG000BH0FR6;0;1;84.03;date: 2013-03-25 00:00:00
BBG000BH0FR6;0;1;83.92;date: 2013-03-26 00:00:00
BBG000BH0FR6;0;1;82.18;date: 2013-03-27 00:00:00
BBG000BH0FR6;0;1;83.98;date: 2013-03-28 00:00:00
BBG000BH0FR6;0;1;83.98;date: 2013-03-29 00:00:00
BBG000BH0FR6;0;1;83.98;date: 2013-04-01 00:00:00
BBG000BH0FR6;0;1;79.43;date: 2013-04-02 00:00:00
BBG000BH0FR6;0;1;76.31;date: 2013-04-03 00:00:00
BBG000BH0FR6;0;1;75.83;date: 2013-04-11 00:00:00
BBG000BH0FR6;0;1;76.95;date: 2013-04-12 00:00:00
BBG000BH0FR6;0;1;74.73;date: 2013-04-15 00:00:00
BBG000BH0FR6;0;1;72.01;date: 2013-04-23 00:00:00
BBG002293PJ4;0;1;83.04;date: 2013-05-10 00:00:00
BBG002293PJ4;0;1;86.18;date: 2013-05-13 00:00:00
BBG002293PJ4;0;1;87.21;date: 2013-05-14 00:00:00
BBG002293PJ4;0;1;87.97;date: 2013-05-15 00:00:00
BBG002293PJ4;0;1;80.61;date: 2013-05-16 00:00:00
BBG000HLJ7M4;0;1;70.23;date: 2013-05-16 00:00:00
BBG002293PJ4;0;1;82.82;date: 2013-05-17 00:00:00
BBG002293PJ4;0;1;84.41;date: 2013-05-20 00:00:00
BBG002293PJ4;0;1;81.71;date: 2013-05-21 00:00:00
BBG002293PJ4;0;1;75.78;date: 2013-05-23 00:00:00
BBG002293PJ4;0;1;75.88;date: 2013-05-24 00:00:00
BBG002293PJ4;0;1;75.88;date: 2013-05-27 00:00:00
BBG002293PJ4;0;1;75.88;date: 2013-05-28 00:00:00
BBG002293PJ4;0;1;75.0;date: 2013-05-30 00:00:00
BBG002293PJ4;0;1;75.77;date: 2013-05-31 00:00:00
BBG002293PJ4;0;1;75.88;date: 2013-06-03 00:00:00
BBG002293PJ4;0;1;77.64;date: 2013-06-04 00:00:00
BBG002293PJ4;0;1;75.32;date: 2013-06-05 00:00:00
BBG002293PJ4;0;1;76.78;date: 2013-06-13 00:00:00
BBG002293PJ4;0;1;86.38;date: 2013-06-14 00:00:00
BBG002293PJ4;0;1;88.26;date: 2013-06-17 00:00:00
BBG002293PJ4;0;1;83.8;date: 2013-06-18 00:00:00
BBG002293PJ4;0;1;84.49;date: 2013-06-19 00:00:00
BBG002293PJ4;0;1;84.49;date: 2013-06-20 00:00:00
BBG002293PJ4;0;1;82.82;date: 2013-06-21 00:00:00
BBG002293PJ4;0;1;83.65;date: 2013-06-24 00:00:00
BBG002293PJ4;0;1;84.15;date: 2013-06-25 00:00:00
BBG002293PJ4;0;1;85.25;date: 2013-06-26 00:00:00
BBG002293PJ4;0;1;85.12;date: 2013-06-27 00:00:00
BBG002293PJ4;0;1;85.71;date: 2013-06-28 00:00:00
BBG002293PJ4;0;1;86.25;date: 2013-07-01 00:00:00
BBG000HLJ7M4;1;0;26.18;date: 2013-07-02 00:00:00
BBG002293PJ4;0;1;85.02;date: 2013-07-02 00:00:00
BBG002293PJ4;0;1;85.48;date: 2013-07-03 00:00:00
BBG000HLJ7M4;1;0;26.58;date: 2013-07-03 00:00:00
BBG002293PJ4;0;1;85.48;date: 2013-07-04 00:00:00
BBG000HLJ7M4;1;0;26.58;date: 2013-07-04 00:00:00
BBG000HLJ7M4;1;0;26.58;date: 2013-07-05 00:00:00
BBG002293PJ4;0;1;85.48;date: 2013-07-05 00:00:00
BBG002293PJ4;0;1;86.61;date: 2013-07-08 00:00:00
BBG000HLJ7M4;1;0;26.86;date: 2013-07-08 00:00:00
BBG002293PJ4;0;1;87.76;date: 2013-07-09 00:00:00
BBG002293PJ4;0;1;77.96;date: 2013-07-10 00:00:00
BBG000BH0FR6;0;1;73.53;date: 2013-07-22 00:00:00
BBG000BH0FR6;0;1;72.58;date: 2013-07-31 00:00:00
BBG000BH0FR6;0;1;78.0;date: 2013-08-02 00:00:00
BBG000BH0FR6;0;1;80.51;date: 2013-08-05 00:00:00
BBG000BH0FR6;0;1;77.55;date: 2013-08-06 00:00:00
BBG000BH0FR6;0;1;71.87;date: 2013-09-06 00:00:00
BBG000BH0FR6;0;1;74.45;date: 2013-09-10 00:00:00
BBG000BH0FR6;0;1;75.79;date: 2013-09-11 00:00:00
BBG000BH0FR6;0;1;76.74;date: 2013-09-12 00:00:00
BBG000BH0FR6;0;1;78.05;date: 2013-09-13 00:00:00
BBG000BH0FR6;0;1;79.64;date: 2013-09-16 00:00:00
BBG000BWS3F3;0;1;71.37;date: 2013-10-01 00:00:00
BBG000BWS3F3;0;1;72.39;date: 2013-10-02 00:00:00
BBG000BWS3F3;0;1;72.17;date: 2013-10-18 00:00:00
BBG000BWS3F3;0;1;73.0;date: 2013-10-21 00:00:00
BBG000BWS3F3;0;1;73.97;date: 2013-10-22 00:00:00
BBG000BWS3F3;0;1;72.42;date: 2013-10-23 00:00:00
BBG000BWS3F3;0;1;72.75;date: 2013-10-24 00:00:00
BBG000BWS3F3;0;1;73.17;date: 2013-10-25 00:00:00
BBG000BWS3F3;0;1;73.26;date: 2013-10-28 00:00:00
BBG000BWS3F3;0;1;76.72;date: 2013-10-29 00:00:00
BBG000HLJ7M4;1;0;26.77;date: 2013-12-20 00:00:00
BBG000HLJ7M4;1;0;26.6;date: 2013-12-23 00:00:00
BBG000BWS3F3;1;0;29.68;date: 2014-02-03 00:00:00
BBG000BH0FR6;0;1;72.15;date: 2014-02-21 00:00:00
BBG000HLJ7M4;0;1;70.36;date: 2014-03-07 00:00:00
BBG000BWS3F3;0;1;71.35;date: 2014-03-11 00:00:00
BBG000BWS3F3;0;1;72.56;date: 2014-03-12 00:00:00
BBG004MN1R41;1;0;0.0;date: 2014-04-22 00:00:00
BBG004MN1R41;1;0;0.0;date: 2014-04-23 00:00:00
BBG004MN1R41;1;0;0.0;date: 2014-04-24 00:00:00
BBG004MN1R41;1;0;25.41;date: 2014-04-30 00:00:00
BBG004MN1R41;1;0;26.43;date: 2014-05-14 00:00:00
BBG004MN1R41;1;0;26.43;date: 2014-05-15 00:00:00
BBG000HLJ7M4;0;1;70.19;date: 2014-05-22 00:00:00
BBG000HLJ7M4;0;1;72.09;date: 2014-05-23 00:00:00
BBG000HLJ7M4;0;1;72.09;date: 2014-05-26 00:00:00
BBG000HLJ7M4;0;1;72.09;date: 2014-05-27 00:00:00
BBG000HLJ7M4;0;1;72.09;date: 2014-05-28 00:00:00
BBG000HLJ7M4;0;1;73.71;date: 2014-05-29 00:00:00
BBG000HLJ7M4;0;1;70.1;date: 2014-05-30 00:00:00
BBG000HLJ7M4;0;1;84.05;date: 2014-06-03 00:00:00
BBG000HLJ7M4;0;1;80.09;date: 2014-06-04 00:00:00
BBG000HLJ7M4;0;1;82.19;date: 2014-06-05 00:00:00
BBG000HLJ7M4;0;1;83.39;date: 2014-06-06 00:00:00
BBG000HLJ7M4;0;1;85.26;date: 2014-06-09 00:00:00
BBG000HLJ7M4;0;1;85.47;date: 2014-06-10 00:00:00
BBG000HLJ7M4;0;1;83.81;date: 2014-06-11 00:00:00
BBG004MN1R41;0;1;69.18;date: 2014-06-11 00:00:00
BBG000HLJ7M4;0;1;81.62;date: 2014-06-12 00:00:00
BBG002293PJ4;0;1;77.43;date: 2014-06-12 00:00:00
BBG002293PJ4;0;1;77.72;date: 2014-06-13 00:00:00
BBG002293PJ4;0;1;80.09;date: 2014-06-16 00:00:00
BBG002293PJ4;0;1;82.07;date: 2014-06-17 00:00:00
BBG002293PJ4;0;1;81.25;date: 2014-06-18 00:00:00
BBG004MN1R41;0;1;75.4;date: 2014-06-18 00:00:00
BBG002293PJ4;0;1;83.02;date: 2014-06-19 00:00:00
BBG002293PJ4;0;1;84.11;date: 2014-06-20 00:00:00
BBG002293PJ4;0;1;82.05;date: 2014-06-23 00:00:00
BBG004MN1R41;0;1;70.34;date: 2014-06-23 00:00:00
BBG002293PJ4;0;1;75.71;date: 2014-06-24 00:00:00
BBG004MN1R41;0;1;69.6;date: 2014-06-24 00:00:00
BBG002293PJ4;0;1;77.33;date: 2014-06-25 00:00:00
BBG004MN1R41;0;1;69.3;date: 2014-06-26 00:00:00
BBG002293PJ4;0;1;79.03;date: 2014-06-26 00:00:00
BBG002293PJ4;0;1;79.96;date: 2014-06-27 00:00:00
BBG004MN1R41;0;1;71.32;date: 2014-06-27 00:00:00
BBG002293PJ4;0;1;80.88;date: 2014-06-30 00:00:00
BBG000HLJ7M4;0;1;70.18;date: 2014-07-02 00:00:00
BBG000HLJ7M4;0;1;70.79;date: 2014-07-03 00:00:00
BBG000HLJ7M4;0;1;70.79;date: 2014-07-04 00:00:00
BBG000HLJ7M4;0;1;70.79;date: 2014-07-07 00:00:00
BBG004MN1R41;0;1;69.37;date: 2014-07-11 00:00:00
BBG004MN1R41;0;1;71.11;date: 2014-07-14 00:00:00
BBG000BH0FR6;0;1;72.34;date: 2014-08-15 00:00:00
BBG000BH0FR6;0;1;72.14;date: 2014-08-18 00:00:00
BBG000BH0FR6;0;1;73.82;date: 2014-08-19 00:00:00
BBG000BH0FR6;0;1;72.08;date: 2014-08-21 00:00:00
BBG000BH0FR6;0;1;72.9;date: 2014-08-27 00:00:00
BBG000BWS3F3;1;0;30.3;date: 2014-09-30 00:00:00
BBG000BH0FR6;1;0;26.22;date: 2014-10-07 00:00:00
BBG000BH0FR6;1;0;24.98;date: 2014-10-08 00:00:00
BBG000BH0FR6;1;0;28.67;date: 2014-10-09 00:00:00
BBG000BH0FR6;1;0;25.52;date: 2014-10-10 00:00:00
BBG000BH0FR6;1;0;23.17;date: 2014-10-13 00:00:00
BBG000BH0FR6;1;0;22.76;date: 2014-10-14 00:00:00
BBG000BH0FR6;1;0;22.12;date: 2014-10-15 00:00:00
BBG004MN1R41;0;1;69.68;date: 2014-10-17 00:00:00
BBG004MN1R41;0;1;70.03;date: 2014-10-20 00:00:00
BBG004MN1R41;0;1;71.74;date: 2014-10-21 00:00:00
BBG004MN1R41;0;1;69.48;date: 2014-10-24 00:00:00
BBG004MN1R41;0;1;73.91;date: 2014-10-28 00:00:00
BBG004MN1R41;0;1;70.37;date: 2014-10-29 00:00:00
BBG000HLJ7M4;0;1;73.81;date: 2014-10-30 00:00:00
BBG004MN1R41;0;1;72.77;date: 2014-10-30 00:00:00
BBG000HLJ7M4;0;1;76.35;date: 2014-10-31 00:00:00
BBG004MN1R41;0;1;75.27;date: 2014-10-31 00:00:00
BBG000HLJ7M4;0;1;77.31;date: 2014-11-03 00:00:00
BBG004MN1R41;0;1;77.04;date: 2014-11-03 00:00:00
BBG000HLJ7M4;0;1;77.44;date: 2014-11-04 00:00:00
BBG000HLJ7M4;0;1;74.3;date: 2014-11-05 00:00:00
BBG004MN1R41;0;1;70.98;date: 2014-11-06 00:00:00
BBG004MN1R41;0;1;71.9;date: 2014-11-07 00:00:00
BBG000HLJ7M4;0;1;71.54;date: 2014-11-07 00:00:00
BBG004MN1R41;0;1;71.68;date: 2014-11-10 00:00:00
BBG004MN1R41;0;1;72.58;date: 2014-11-11 00:00:00
BBG000HLJ7M4;0;1;70.67;date: 2014-11-11 00:00:00
BBG000HLJ7M4;0;1;72.72;date: 2014-11-12 00:00:00
BBG004MN1R41;0;1;74.37;date: 2014-11-13 00:00:00
BBG004MN1R41;0;1;70.33;date: 2014-11-17 00:00:00
BBG004MN1R41;0;1;70.82;date: 2014-11-18 00:00:00
BBG004MN1R41;0;1;71.79;date: 2014-11-21 00:00:00
BBG000BWS3F3;0;1;70.87;date: 2014-11-25 00:00:00
BBG000BWS3F3;0;1;73.01;date: 2014-12-02 00:00:00
BBG000BWS3F3;0;1;75.23;date: 2014-12-03 00:00:00
BBG000HLJ7M4;0;1;72.37;date: 2014-12-03 00:00:00
BBG004MN1R41;0;1;70.69;date: 2014-12-09 00:00:00
BBG002293PJ4;0;1;77.49;date: 2014-12-18 00:00:00
BBG000BWS3F3;1;0;30.57;date: 2014-12-19 00:00:00
BBG000BWS3F3;1;0;30.57;date: 2014-12-22 00:00:00
BBG000BWS3F3;1;0;29.14;date: 2015-01-06 00:00:00
BBG000BWS3F3;1;0;29.75;date: 2015-01-14 00:00:00
BBG000BWS3F3;1;0;25.62;date: 2015-01-15 00:00:00
BBG000BWS3F3;1;0;28.2;date: 2015-01-16 00:00:00
BBG000BWS3F3;1;0;28.2;date: 2015-01-19 00:00:00
BBG000BWS3F3;1;0;28.2;date: 2015-01-20 00:00:00
BBG000BWS3F3;1;0;27.21;date: 2015-01-21 00:00:00
BBG000BWS3F3;1;0;29.42;date: 2015-01-22 00:00:00
BBG000BWS3F3;1;0;27.57;date: 2015-01-23 00:00:00
BBG000BWS3F3;1;0;30.15;date: 2015-01-27 00:00:00
BBG000BH0FR6;0;1;72.3;date: 2015-05-22 00:00:00
BBG000BH0FR6;0;1;72.3;date: 2015-05-25 00:00:00
BBG000BH0FR6;0;1;72.3;date: 2015-05-26 00:00:00
BBG000HLJ7M4;0;1;72.98;date: 2015-06-01 00:00:00
BBG000BH0FR6;0;1;74.86;date: 2015-06-03 00:00:00
BBG000BH0FR6;0;1;72.5;date: 2015-06-04 00:00:00
BBG000BH0FR6;0;1;72.3;date: 2015-06-05 00:00:00
BBG000BH0FR6;0;1;75.68;date: 2015-06-08 00:00:00
BBG000BH0FR6;0;1;77.66;date: 2015-06-09 00:00:00
BBG000BH0FR6;0;1;75.13;date: 2015-06-19 00:00:00
BBG000BH0FR6;0;1;75.77;date: 2015-06-22 00:00:00
BBG000BH0FR6;0;1;76.8;date: 2015-06-23 00:00:00
BBG000BH0FR6;0;1;77.44;date: 2015-06-24 00:00:00
BBG000BWS3F3;0;1;74.24;date: 2015-06-26 00:00:00
BBG004MN1R41;1;0;26.21;date: 2015-07-14 00:00:00
BBG000BH0FR6;0;1;72.49;date: 2015-07-20 00:00:00
BBG004MN1R41;1;0;27.46;date: 2015-07-30 00:00:00
BBG000HLJ7M4;1;0;26.1;date: 2015-08-11 00:00:00
BBG000HLJ7M4;1;0;25.63;date: 2015-08-12 00:00:00
BBG000HLJ7M4;1;0;23.76;date: 2015-08-13 00:00:00
BBG000HLJ7M4;1;0;25.64;date: 2015-08-14 00:00:00
BBG004MN1R41;1;0;27.7;date: 2015-08-19 00:00:00
BBG004MN1R41;1;0;27.52;date: 2015-08-20 00:00:00
BBG000HLJ7M4;1;0;25.43;date: 2015-08-20 00:00:00
BBG000HLJ7M4;1;0;22.9;date: 2015-08-21 00:00:00
BBG004MN1R41;1;0;22.06;date: 2015-08-21 00:00:00
BBG004MN1R41;1;0;20.3;date: 2015-08-24 00:00:00
BBG000BH0FR6;1;0;27.65;date: 2015-08-24 00:00:00
BBG000HLJ7M4;1;0;20.34;date: 2015-08-24 00:00:00
BBG004MN1R41;1;0;14.99;date: 2015-08-25 00:00:00
BBG000BH0FR6;1;0;29.91;date: 2015-08-25 00:00:00
BBG004MN1R41;1;0;17.31;date: 2015-08-26 00:00:00
BBG004MN1R41;1;0;25.96;date: 2015-08-27 00:00:00
BBG004MN1R41;1;0;26.65;date: 2015-09-01 00:00:00
BBG004MN1R41;1;0;25.65;date: 2015-09-02 00:00:00
BBG004MN1R41;1;0;25.6;date: 2015-09-03 00:00:00
BBG004MN1R41;1;0;24.45;date: 2015-09-04 00:00:00
BBG004MN1R41;1;0;24.45;date: 2015-09-07 00:00:00
BBG004MN1R41;1;0;24.45;date: 2015-09-08 00:00:00
BBG004MN1R41;1;0;24.38;date: 2015-09-09 00:00:00
BBG004MN1R41;1;0;25.51;date: 2015-09-29 00:00:00
BBG004MN1R41;1;0;22.64;date: 2015-09-30 00:00:00
BBG004MN1R41;1;0;20.84;date: 2015-10-01 00:00:00
BBG000BWS3F3;1;0;27.76;date: 2015-12-17 00:00:00
BBG002293PJ4;1;0;23.65;date: 2016-01-08 00:00:00
BBG002293PJ4;1;0;24.24;date: 2016-01-11 00:00:00
BBG002293PJ4;1;0;23.1;date: 2016-01-12 00:00:00
BBG002293PJ4;1;0;20.6;date: 2016-01-13 00:00:00
BBG002293PJ4;1;0;17.98;date: 2016-01-14 00:00:00
BBG000HLJ7M4;1;0;26.07;date: 2016-01-15 00:00:00
BBG002293PJ4;1;0;21.94;date: 2016-01-15 00:00:00
BBG000HLJ7M4;1;0;26.07;date: 2016-01-18 00:00:00
BBG002293PJ4;1;0;21.94;date: 2016-01-18 00:00:00
BBG000HLJ7M4;1;0;26.07;date: 2016-01-19 00:00:00
BBG002293PJ4;1;0;21.94;date: 2016-01-19 00:00:00
BBG000BH0FR6;1;0;29.25;date: 2016-01-20 00:00:00
BBG002293PJ4;1;0;20.62;date: 2016-01-20 00:00:00
BBG002293PJ4;1;0;20.8;date: 2016-01-21 00:00:00
BBG002293PJ4;1;0;24.33;date: 2016-01-28 00:00:00
BBG002293PJ4;1;0;22.97;date: 2016-02-02 00:00:00
BBG002293PJ4;1;0;22.04;date: 2016-02-03 00:00:00
BBG002293PJ4;1;0;21.62;date: 2016-02-05 00:00:00
BBG002293PJ4;1;0;21.2;date: 2016-02-08 00:00:00
BBG002293PJ4;1;0;20.84;date: 2016-02-09 00:00:00
BBG000BH0FR6;1;0;27.42;date: 2016-02-09 00:00:00
BBG002293PJ4;1;0;19.63;date: 2016-02-10 00:00:00
BBG000BH0FR6;1;0;26.8;date: 2016-02-10 00:00:00
BBG002293PJ4;1;0;17.84;date: 2016-02-11 00:00:00
BBG000BH0FR6;1;0;23.79;date: 2016-02-11 00:00:00
BBG000BH0FR6;1;0;29.56;date: 2016-02-12 00:00:00
BBG002293PJ4;1;0;17.92;date: 2016-02-12 00:00:00
BBG002293PJ4;1;0;17.92;date: 2016-02-15 00:00:00
BBG000BH0FR6;1;0;29.56;date: 2016-02-15 00:00:00
BBG000BH0FR6;1;0;29.56;date: 2016-02-16 00:00:00
BBG002293PJ4;1;0;17.92;date: 2016-02-16 00:00:00
BBG002293PJ4;1;0;24.48;date: 2016-02-18 00:00:00
BBG002293PJ4;1;0;24.17;date: 2016-02-19 00:00:00
BBG002293PJ4;1;0;24.17;date: 2016-02-20 00:00:00
BBG002293PJ4;1;0;24.17;date: 2016-02-22 00:00:00
BBG002293PJ4;1;0;24.13;date: 2016-02-23 00:00:00
BBG002293PJ4;1;0;15.69;date: 2016-02-25 00:00:00
BBG002293PJ4;1;0;20.71;date: 2016-02-26 00:00:00
BBG002293PJ4;1;0;19.17;date: 2016-02-29 00:00:00
BBG002293PJ4;1;0;18.63;date: 2016-03-01 00:00:00
BBG002293PJ4;1;0;23.49;date: 2016-03-02 00:00:00
BBG002293PJ4;1;0;23.88;date: 2016-03-03 00:00:00
BBG002293PJ4;1;0;24.67;date: 2016-03-04 00:00:00
BBG000HLJ7M4;0;1;72.0;date: 2016-03-07 00:00:00
BBG002293PJ4;1;0;24.26;date: 2016-03-07 00:00:00
BBG002293PJ4;1;0;23.62;date: 2016-03-08 00:00:00
BBG002293PJ4;1;0;23.94;date: 2016-03-09 00:00:00
BBG000BWS3F3;0;1;70.35;date: 2016-03-18 00:00:00
BBG000BWS3F3;0;1;71.13;date: 2016-03-29 00:00:00
BBG000HLJ7M4;0;1;71.5;date: 2016-03-31 00:00:00
BBG000HLJ7M4;0;1;70.38;date: 2016-04-13 00:00:00
BBG000HLJ7M4;0;1;70.9;date: 2016-04-14 00:00:00
BBG004MN1R41;0;1;69.52;date: 2016-04-18 00:00:00
BBG004MN1R41;0;1;71.41;date: 2016-04-19 00:00:00
BBG004MN1R41;0;1;74.58;date: 2016-04-20 00:00:00
BBG000HLJ7M4;0;1;70.21;date: 2016-04-20 00:00:00
BBG004MN1R41;0;1;74.78;date: 2016-04-21 00:00:00
BBG004MN1R41;0;1;78.49;date: 2016-04-22 00:00:00
BBG004MN1R41;0;1;72.11;date: 2016-04-25 00:00:00
BBG004MN1R41;0;1;74.17;date: 2016-04-26 00:00:00
BBG004MN1R41;0;1;76.78;date: 2016-04-27 00:00:00
BBG002293PJ4;1;0;23.77;date: 2016-05-18 00:00:00
BBG002293PJ4;1;0;22.61;date: 2016-05-19 00:00:00
BBG000HLJ7M4;0;1;70.59;date: 2016-06-03 00:00:00
BBG000BH0FR6;0;1;71.99;date: 2016-06-03 00:00:00
BBG000BH0FR6;0;1;72.06;date: 2016-06-06 00:00:00
BBG000HLJ7M4;0;1;71.96;date: 2016-06-06 00:00:00
BBG000HLJ7M4;0;1;72.33;date: 2016-06-07 00:00:00
BBG000HLJ7M4;0;1;74.11;date: 2016-06-08 00:00:00
BBG000HLJ7M4;0;1;72.78;date: 2016-06-09 00:00:00
BBG000HLJ7M4;0;1;71.86;date: 2016-06-10 00:00:00
BBG004MN1R41;0;1;70.9;date: 2016-07-20 00:00:00
BBG004MN1R41;0;1;69.46;date: 2016-07-21 00:00:00
BBG004MN1R41;0;1;70.35;date: 2016-07-22 00:00:00
BBG004MN1R41;0;1;71.43;date: 2016-07-28 00:00:00
BBG000HLJ7M4;0;1;74.0;date: 2016-08-03 00:00:00
BBG000HLJ7M4;0;1;77.33;date: 2016-08-04 00:00:00
BBG000HLJ7M4;0;1;80.87;date: 2016-08-05 00:00:00
BBG000HLJ7M4;0;1;81.99;date: 2016-08-08 00:00:00
BBG000HLJ7M4;0;1;83.91;date: 2016-08-09 00:00:00
BBG000HLJ7M4;0;1;84.61;date: 2016-08-10 00:00:00
BBG000HLJ7M4;0;1;82.53;date: 2016-08-11 00:00:00
BBG000HLJ7M4;0;1;82.45;date: 2016-08-12 00:00:00
BBG000HLJ7M4;0;1;83.55;date: 2016-08-15 00:00:00
BBG000HLJ7M4;0;1;79.6;date: 2016-08-16 00:00:00
BBG000HLJ7M4;0;1;80.86;date: 2016-08-17 00:00:00
BBG000HLJ7M4;0;1;81.21;date: 2016-08-18 00:00:00
BBG000HLJ7M4;0;1;81.28;date: 2016-08-19 00:00:00
BBG000HLJ7M4;0;1;80.52;date: 2016-08-22 00:00:00
BBG000HLJ7M4;0;1;81.04;date: 2016-08-23 00:00:00
BBG000HLJ7M4;0;1;81.73;date: 2016-08-24 00:00:00
BBG000HLJ7M4;0;1;82.2;date: 2016-08-25 00:00:00
BBG000HLJ7M4;0;1;82.56;date: 2016-08-26 00:00:00
BBG000HLJ7M4;0;1;83.23;date: 2016-08-29 00:00:00
BBG000HLJ7M4;0;1;84.36;date: 2016-08-30 00:00:00
BBG000HLJ7M4;0;1;85.96;date: 2016-08-31 00:00:00
BBG000HLJ7M4;0;1;86.2;date: 2016-09-01 00:00:00
BBG000HLJ7M4;0;1;87.01;date: 2016-09-02 00:00:00
BBG000HLJ7M4;0;1;87.01;date: 2016-09-05 00:00:00
BBG000HLJ7M4;0;1;87.01;date: 2016-09-06 00:00:00
BBG000HLJ7M4;0;1;88.79;date: 2016-09-07 00:00:00
BBG000HLJ7M4;0;1;85.96;date: 2016-09-08 00:00:00
BBG000HLJ7M4;0;1;70.61;date: 2016-09-12 00:00:00
BBG000HLJ7M4;0;1;71.42;date: 2016-09-13 00:00:00
BBG000HLJ7M4;0;1;74.62;date: 2016-09-14 00:00:00
BBG000HLJ7M4;0;1;78.77;date: 2016-09-15 00:00:00
BBG000BH0FR6;0;1;74.0;date: 2016-09-15 00:00:00
BBG000HLJ7M4;0;1;75.68;date: 2016-09-16 00:00:00
BBG000HLJ7M4;0;1;78.85;date: 2016-09-19 00:00:00
BBG000HLJ7M4;0;1;79.0;date: 2016-09-20 00:00:00
BBG000BH0FR6;0;1;72.16;date: 2016-09-20 00:00:00
BBG000BH0FR6;0;1;74.41;date: 2016-09-21 00:00:00
BBG000HLJ7M4;0;1;80.22;date: 2016-09-21 00:00:00
BBG000BH0FR6;0;1;76.23;date: 2016-09-22 00:00:00
BBG000HLJ7M4;0;1;83.12;date: 2016-09-22 00:00:00
BBG000BH0FR6;0;1;73.91;date: 2016-09-23 00:00:00
BBG000HLJ7M4;0;1;74.35;date: 2016-09-23 00:00:00
BBG000HLJ7M4;0;1;70.41;date: 2016-09-26 00:00:00
BBG000HLJ7M4;0;1;73.25;date: 2016-09-27 00:00:00
BBG000HLJ7M4;0;1;73.25;date: 2016-09-28 00:00:00
BBG000BH0FR6;0;1;73.39;date: 2016-09-28 00:00:00
BBG000HLJ7M4;0;1;72.99;date: 2016-09-29 00:00:00
BBG000HLJ7M4;0;1;74.02;date: 2016-09-30 00:00:00
BBG000BWS3F3;0;1;77.99;date: 2016-10-03 00:00:00
BBG000BWS3F3;0;1;74.03;date: 2016-10-04 00:00:00
BBG000BWS3F3;0;1;75.04;date: 2016-10-05 00:00:00
BBG000BWS3F3;0;1;74.88;date: 2016-10-06 00:00:00
BBG004MN1R41;0;1;74.52;date: 2016-11-09 00:00:00
BBG000BH0FR6;0;1;72.05;date: 2016-11-09 00:00:00
BBG004MN1R41;0;1;79.64;date: 2016-11-10 00:00:00
BBG000BH0FR6;0;1;79.36;date: 2016-11-10 00:00:00
BBG004MN1R41;0;1;82.02;date: 2016-11-11 00:00:00
BBG000BH0FR6;0;1;74.57;date: 2016-11-11 00:00:00
BBG004MN1R41;0;1;82.33;date: 2016-11-14 00:00:00
BBG000BH0FR6;0;1;74.51;date: 2016-11-14 00:00:00
BBG000BWS3F3;0;1;73.33;date: 2016-11-14 00:00:00
BBG000BWS3F3;0;1;70.8;date: 2016-11-15 00:00:00
BBG004MN1R41;0;1;79.61;date: 2016-11-15 00:00:00
BBG000BH0FR6;0;1;76.06;date: 2016-11-15 00:00:00
BBG000BWS3F3;0;1;70.35;date: 2016-11-16 00:00:00
BBG000BH0FR6;0;1;78.5;date: 2016-11-16 00:00:00
BBG004MN1R41;0;1;80.7;date: 2016-11-16 00:00:00
BBG000BWS3F3;0;1;73.19;date: 2016-11-17 00:00:00
BBG004MN1R41;0;1;80.7;date: 2016-11-17 00:00:00
BBG000BH0FR6;0;1;76.52;date: 2016-11-17 00:00:00
BBG000BH0FR6;0;1;78.57;date: 2016-11-18 00:00:00
BBG004MN1R41;0;1;79.44;date: 2016-11-18 00:00:00
BBG000BWS3F3;0;1;70.37;date: 2016-11-21 00:00:00
BBG004MN1R41;0;1;79.92;date: 2016-11-21 00:00:00
BBG000BWS3F3;0;1;77.43;date: 2016-11-22 00:00:00
BBG004MN1R41;0;1;74.71;date: 2016-11-22 00:00:00
BBG000BH0FR6;0;1;72.53;date: 2016-11-22 00:00:00
BBG000BWS3F3;0;1;71.46;date: 2016-11-23 00:00:00
BBG004MN1R41;0;1;77.06;date: 2016-11-23 00:00:00
BBG004MN1R41;0;1;77.06;date: 2016-11-24 00:00:00
BBG000BWS3F3;0;1;71.46;date: 2016-11-24 00:00:00
BBG004MN1R41;0;1;77.06;date: 2016-11-25 00:00:00
BBG000BWS3F3;0;1;71.46;date: 2016-11-25 00:00:00
BBG004MN1R41;0;1;73.77;date: 2016-11-28 00:00:00
BBG000BWS3F3;0;1;71.35;date: 2016-12-06 00:00:00
BBG000BWS3F3;0;1;71.88;date: 2016-12-07 00:00:00
BBG004MN1R41;0;1;70.31;date: 2016-12-08 00:00:00
BBG000BWS3F3;0;1;73.1;date: 2016-12-08 00:00:00
BBG000HLJ7M4;0;1;71.17;date: 2016-12-13 00:00:00
BBG000HLJ7M4;0;1;75.67;date: 2016-12-15 00:00:00
BBG000HLJ7M4;0;1;72.24;date: 2016-12-19 00:00:00
BBG000HLJ7M4;0;1;73.35;date: 2016-12-20 00:00:00
BBG000BWS3F3;0;1;75.01;date: 2016-12-20 00:00:00
BBG000HLJ7M4;0;1;71.38;date: 2016-12-21 00:00:00
BBG000HLJ7M4;0;1;70.47;date: 2016-12-22 00:00:00
BBG000HLJ7M4;0;1;69.93;date: 2016-12-29 00:00:00
BBG000HLJ7M4;0;1;70.0;date: 2017-01-04 00:00:00
BBG000HLJ7M4;0;1;70.03;date: 2017-01-24 00:00:00
BBG000HLJ7M4;0;1;72.02;date: 2017-01-25 00:00:00
BBG000HLJ7M4;0;1;71.86;date: 2017-01-26 00:00:00
BBG000HLJ7M4;0;1;72.9;date: 2017-01-27 00:00:00
BBG000HLJ7M4;0;1;73.01;date: 2017-01-30 00:00:00
BBG000HLJ7M4;0;1;72.69;date: 2017-01-31 00:00:00
BBG000HLJ7M4;0;1;72.92;date: 2017-02-01 00:00:00
BBG000HLJ7M4;0;1;71.56;date: 2017-02-02 00:00:00
BBG000HLJ7M4;0;1;73.94;date: 2017-02-03 00:00:00
BBG000HLJ7M4;0;1;74.8;date: 2017-02-06 00:00:00
BBG000HLJ7M4;0;1;75.07;date: 2017-02-07 00:00:00
BBG000HLJ7M4;0;1;72.52;date: 2017-02-09 00:00:00
BBG000HLJ7M4;0;1;77.32;date: 2017-02-10 00:00:00
BBG000HLJ7M4;0;1;81.0;date: 2017-02-13 00:00:00
BBG000HLJ7M4;0;1;83.85;date: 2017-02-14 00:00:00
BBG000HLJ7M4;0;1;79.39;date: 2017-02-15 00:00:00
BBG000HLJ7M4;0;1;78.34;date: 2017-02-16 00:00:00
BBG000HLJ7M4;0;1;74.06;date: 2017-02-17 00:00:00
BBG000HLJ7M4;0;1;74.06;date: 2017-02-20 00:00:00
BBG000HLJ7M4;0;1;74.06;date: 2017-02-21 00:00:00
BBG000BWS3F3;1;0;29.67;date: 2017-03-10 00:00:00
BBG000BWS3F3;1;0;29.06;date: 2017-03-13 00:00:00
BBG002293PJ4;0;1;77.67;date: 2017-03-29 00:00:00
BBG002293PJ4;0;1;79.22;date: 2017-03-30 00:00:00
BBG002293PJ4;0;1;80.7;date: 2017-03-31 00:00:00
BBG002293PJ4;0;1;78.86;date: 2017-04-03 00:00:00
BBG002293PJ4;0;1;80.68;date: 2017-04-04 00:00:00
BBG002293PJ4;0;1;75.48;date: 2017-04-06 00:00:00
BBG000BWS3F3;1;0;29.78;date: 2017-04-06 00:00:00
BBG000BWS3F3;1;0;28.19;date: 2017-04-07 00:00:00
BBG002293PJ4;0;1;75.69;date: 2017-04-10 00:00:00
BBG000BWS3F3;1;0;29.57;date: 2017-04-10 00:00:00
BBG000BWS3F3;1;0;29.36;date: 2017-04-11 00:00:00
BBG002293PJ4;0;1;75.5;date: 2017-04-11 00:00:00
BBG000BWS3F3;1;0;26.86;date: 2017-04-12 00:00:00
BBG002293PJ4;0;1;75.04;date: 2017-04-12 00:00:00
BBG000BWS3F3;1;0;25.79;date: 2017-04-13 00:00:00
BBG000BWS3F3;1;0;25.79;date: 2017-04-14 00:00:00
BBG000BWS3F3;1;0;25.79;date: 2017-04-17 00:00:00
BBG000BWS3F3;1;0;24.2;date: 2017-04-18 00:00:00
BBG000BWS3F3;1;0;25.31;date: 2017-04-19 00:00:00
BBG002293PJ4;0;1;75.43;date: 2017-04-20 00:00:00
BBG002293PJ4;0;1;77.08;date: 2017-04-21 00:00:00
BBG002293PJ4;0;1;75.0;date: 2017-04-24 00:00:00
BBG002293PJ4;0;1;75.2;date: 2017-04-25 00:00:00
BBG002293PJ4;0;1;77.8;date: 2017-05-03 00:00:00
BBG002293PJ4;0;1;78.0;date: 2017-05-04 00:00:00
BBG002293PJ4;0;1;85.04;date: 2017-05-05 00:00:00
BBG002293PJ4;0;1;85.91;date: 2017-05-08 00:00:00
BBG002293PJ4;0;1;86.2;date: 2017-05-09 00:00:00
BBG002293PJ4;0;1;87.54;date: 2017-05-10 00:00:00
BBG002293PJ4;0;1;76.53;date: 2017-05-16 00:00:00
BBG000BWS3F3;0;1;73.26;date: 2017-06-21 00:00:00
BBG000BWS3F3;0;1;75.44;date: 2017-06-22 00:00:00
BBG000BWS3F3;0;1;75.1;date: 2017-06-23 00:00:00
BBG000BWS3F3;0;1;76.72;date: 2017-06-26 00:00:00
BBG000BWS3F3;0;1;70.48;date: 2017-06-27 00:00:00
BBG000BWS3F3;0;1;73.08;date: 2017-06-28 00:00:00
BBG000BWS3F3;0;1;70.6;date: 2017-06-30 00:00:00
BBG000BWS3F3;0;1;74.09;date: 2017-07-03 00:00:00
BBG000BWS3F3;0;1;74.09;date: 2017-07-04 00:00:00
BBG000BWS3F3;0;1;74.09;date: 2017-07-05 00:00:00
BBG000BWS3F3;0;1;70.58;date: 2017-07-27 00:00:00
BBG000BWS3F3;0;1;70.93;date: 2017-08-01 00:00:00
BBG000BH0FR6;1;0;30.13;date: 2017-08-03 00:00:00
BBG000BH0FR6;1;0;26.49;date: 2017-08-11 00:00:00
BBG000BH0FR6;1;0;28.56;date: 2017-08-15 00:00:00
BBG002293PJ4;1;0;24.79;date: 2017-08-28 00:00:00
BBG000BWS3F3;0;1;70.43;date: 2017-09-21 00:00:00
BBG000BWS3F3;0;1;74.45;date: 2017-09-22 00:00:00
BBG000BWS3F3;0;1;77.15;date: 2017-09-25 00:00:00
BBG000BWS3F3;0;1;78.64;date: 2017-09-26 00:00:00
BBG000BWS3F3;0;1;81.61;date: 2017-09-27 00:00:00
BBG000BWS3F3;0;1;73.54;date: 2017-09-28 00:00:00
BBG000BWS3F3;0;1;74.18;date: 2017-09-29 00:00:00
BBG000BWS3F3;0;1;78.03;date: 2017-10-02 00:00:00
BBG000BWS3F3;0;1;76.25;date: 2017-10-03 00:00:00
BBG000BH0FR6;0;1;74.88;date: 2017-10-03 00:00:00
BBG000BH0FR6;0;1;77.16;date: 2017-10-12 00:00:00
BBG000BH0FR6;0;1;77.39;date: 2017-10-13 00:00:00
BBG000BH0FR6;0;1;79.79;date: 2017-10-16 00:00:00
BBG000BH0FR6;0;1;77.71;date: 2017-10-17 00:00:00
BBG000BH0FR6;0;1;79.84;date: 2017-10-18 00:00:00
BBG000BH0FR6;0;1;74.19;date: 2017-10-19 00:00:00
BBG000BH0FR6;0;1;77.75;date: 2017-10-20 00:00:00
BBG000BWS3F3;0;1;70.55;date: 2017-10-20 00:00:00
BBG000BWS3F3;0;1;71.47;date: 2017-10-31 00:00:00
BBG002293PJ4;0;1;76.67;date: 2017-11-01 00:00:00
BBG000BWS3F3;0;1;70.59;date: 2017-11-01 00:00:00
BBG000BWS3F3;0;1;70.62;date: 2017-11-21 00:00:00
BBG000BWS3F3;0;1;70.24;date: 2017-11-22 00:00:00
BBG000BWS3F3;0;1;70.24;date: 2017-11-23 00:00:00
BBG000BWS3F3;0;1;70.24;date: 2017-11-24 00:00:00
BBG000BWS3F3;0;1;73.22;date: 2017-11-28 00:00:00
BBG000BWS3F3;0;1;72.92;date: 2017-11-29 00:00:00
BBG000BWS3F3;0;1;73.39;date: 2017-11-30 00:00:00
BBG000BWS3F3;1;0;29.96;date: 2018-02-05 00:00:00
BBG004MN1R41;0;1;70.15;date: 2018-05-18 00:00:00
BBG004MN1R41;0;1;70.15;date: 2018-05-19 00:00:00
BBG004MN1R41;0;1;70.15;date: 2018-05-21 00:00:00
BBG004MN1R41;0;1;71.66;date: 2018-05-22 00:00:00
BBG004MN1R41;0;1;71.42;date: 2018-05-23 00:00:00
BBG004MN1R41;0;1;73.98;date: 2018-05-24 00:00:00
BBG004MN1R41;0;1;70.47;date: 2018-05-25 00:00:00
BBG004MN1R41;0;1;70.47;date: 2018-05-26 00:00:00
BBG004MN1R41;0;1;70.47;date: 2018-05-28 00:00:00
BBG004MN1R41;0;1;70.47;date: 2018-05-29 00:00:00
BBG004MN1R41;0;1;73.43;date: 2018-05-30 00:00:00
BBG004MN1R41;0;1;70.06;date: 2018-06-01 00:00:00
BBG004MN1R41;0;1;70.06;date: 2018-06-02 00:00:00
BBG004MN1R41;0;1;70.06;date: 2018-06-04 00:00:00
BBG004MN1R41;0;1;74.19;date: 2018-06-05 00:00:00
BBG004MN1R41;0;1;74.7;date: 2018-06-06 00:00:00
BBG000BH0FR6;0;1;75.42;date: 2018-06-07 00:00:00
BBG004MN1R41;0;1;74.86;date: 2018-06-07 00:00:00
BBG004MN1R41;0;1;72.97;date: 2018-06-08 00:00:00
BBG000BH0FR6;0;1;74.83;date: 2018-06-08 00:00:00
BBG004MN1R41;0;1;72.97;date: 2018-06-09 00:00:00
BBG000BH0FR6;0;1;74.83;date: 2018-06-09 00:00:00
BBG004MN1R41;0;1;72.97;date: 2018-06-11 00:00:00
BBG000BH0FR6;0;1;74.83;date: 2018-06-11 00:00:00
BBG000BH0FR6;0;1;74.89;date: 2018-06-12 00:00:00
BBG002293PJ4;0;1;84.3;date: 2018-06-12 00:00:00
BBG002293PJ4;0;1;84.2;date: 2018-06-13 00:00:00
BBG000BH0FR6;0;1;78.39;date: 2018-06-13 00:00:00
BBG002293PJ4;0;1;83.51;date: 2018-06-14 00:00:00
BBG000BH0FR6;0;1;74.96;date: 2018-06-14 00:00:00
BBG002293PJ4;0;1;85.12;date: 2018-06-15 00:00:00
BBG002293PJ4;0;1;77.01;date: 2018-06-18 00:00:00
BBG000BH0FR6;0;1;71.98;date: 2018-09-05 00:00:00
BBG002293PJ4;1;0;24.78;date: 2018-10-08 00:00:00
BBG002293PJ4;1;0;23.46;date: 2018-10-09 00:00:00
BBG000HLJ7M4;1;0;26.58;date: 2018-10-09 00:00:00
BBG002293PJ4;1;0;22.89;date: 2018-10-10 00:00:00
BBG000HLJ7M4;1;0;21.04;date: 2018-10-10 00:00:00
BBG000HLJ7M4;1;0;18.53;date: 2018-10-11 00:00:00
BBG000HLJ7M4;1;0;18.61;date: 2018-10-12 00:00:00
BBG000HLJ7M4;1;0;22.9;date: 2018-10-15 00:00:00
BBG000BWS3F3;1;0;29.03;date: 2018-10-24 00:00:00
BBG004MN1R41;1;0;27.58;date: 2018-10-24 00:00:00
BBG000BWS3F3;1;0;28.53;date: 2018-10-25 00:00:00
BBG000BH0FR6;1;0;25.84;date: 2018-10-25 00:00:00
BBG004MN1R41;1;0;27.33;date: 2018-10-26 00:00:00
BBG000BWS3F3;1;0;26.88;date: 2018-10-26 00:00:00
BBG000BH0FR6;1;0;15.91;date: 2018-10-26 00:00:00
BBG004MN1R41;1;0;24.57;date: 2018-10-29 00:00:00
BBG000BH0FR6;1;0;29.43;date: 2018-10-29 00:00:00
BBG000BWS3F3;1;0;25.89;date: 2018-10-29 00:00:00
BBG000BH0FR6;1;0;27.33;date: 2018-10-30 00:00:00
BBG000BH0FR6;1;0;28.63;date: 2018-10-31 00:00:00
BBG000BWS3F3;1;0;29.0;date: 2018-11-20 00:00:00
BBG000BWS3F3;1;0;27.03;date: 2018-12-10 00:00:00
BBG000BWS3F3;1;0;25.98;date: 2018-12-11 00:00:00
BBG000BWS3F3;1;0;26.12;date: 2018-12-12 00:00:00
BBG000BWS3F3;1;0;24.86;date: 2018-12-13 00:00:00
BBG000BWS3F3;1;0;25.02;date: 2018-12-14 00:00:00
BBG000BWS3F3;1;0;25.11;date: 2018-12-17 00:00:00
BBG004MN1R41;1;0;26.63;date: 2018-12-18 00:00:00
BBG000BWS3F3;1;0;23.18;date: 2018-12-18 00:00:00
BBG004MN1R41;1;0;24.1;date: 2018-12-19 00:00:00
BBG004MN1R41;1;0;24.28;date: 2018-12-20 00:00:00
BBG004MN1R41;1;0;23.32;date: 2018-12-21 00:00:00
BBG000HLJ7M4;1;0;26.32;date: 2018-12-21 00:00:00
BBG000HLJ7M4;1;0;23.1;date: 2018-12-24 00:00:00
BBG004MN1R41;1;0;24.32;date: 2018-12-24 00:00:00
BBG000HLJ7M4;1;0;23.1;date: 2018-12-25 00:00:00
BBG004MN1R41;1;0;24.32;date: 2018-12-25 00:00:00
BBG000HLJ7M4;1;0;23.1;date: 2018-12-26 00:00:00
BBG004MN1R41;1;0;24.32;date: 2018-12-26 00:00:00
BBG004MN1R41;1;0;25.77;date: 2018-12-27 00:00:00
BBG004MN1R41;1;0;25.31;date: 2018-12-28 00:00:00
BBG004MN1R41;1;0;25.31;date: 2018-12-29 00:00:00
BBG004MN1R41;1;0;25.31;date: 2018-12-31 00:00:00
BBG000BH0FR6;0;1;72.82;date: 2019-01-16 00:00:00
BBG000BWS3F3;0;1;71.47;date: 2019-01-16 00:00:00
BBG000BWS3F3;0;1;71.91;date: 2019-02-20 00:00:00
BBG000BWS3F3;0;1;72.4;date: 2019-02-21 00:00:00
BBG000BWS3F3;0;1;74.87;date: 2019-02-22 00:00:00
BBG000BWS3F3;0;1;75.69;date: 2019-02-25 00:00:00
BBG002293PJ4;1;0;23.67;date: 2019-03-29 00:00:00
BBG002293PJ4;1;0;24.18;date: 2019-04-01 00:00:00
BBG002293PJ4;1;0;23.32;date: 2019-04-02 00:00:00
BBG000BWS3F3;0;1;71.94;date: 2019-04-16 00:00:00
BBG000BWS3F3;0;1;73.55;date: 2019-04-17 00:00:00
BBG000BWS3F3;0;1;75.14;date: 2019-04-18 00:00:00
BBG000BWS3F3;0;1;75.14;date: 2019-04-19 00:00:00
BBG000BWS3F3;0;1;75.14;date: 2019-04-22 00:00:00
BBG000BWS3F3;0;1;73.72;date: 2019-04-23 00:00:00
BBG000BWS3F3;0;1;74.08;date: 2019-04-24 00:00:00
BBG000BWS3F3;0;1;70.26;date: 2019-04-26 00:00:00
BBG000BWS3F3;0;1;70.62;date: 2019-04-29 00:00:00
BBG004MN1R41;0;1;70.38;date: 2019-04-30 00:00:00
BBG000BWS3F3;0;1;72.96;date: 2019-06-19 00:00:00
BBG000BWS3F3;0;1;71.47;date: 2019-06-20 00:00:00
BBG000HLJ7M4;1;0;25.64;date: 2019-08-02 00:00:00
BBG000HLJ7M4;1;0;21.28;date: 2019-08-05 00:00:00
BBG000HLJ7M4;1;0;20.02;date: 2019-08-06 00:00:00
BBG000HLJ7M4;1;0;18.9;date: 2019-08-07 00:00:00
BBG000HLJ7M4;1;0;25.47;date: 2019-08-08 00:00:00
BBG000HLJ7M4;1;0;23.04;date: 2019-08-09 00:00:00
BBG000HLJ7M4;1;0;21.09;date: 2019-08-12 00:00:00
BBG000HLJ7M4;1;0;25.55;date: 2019-08-13 00:00:00
BBG000HLJ7M4;1;0;22.63;date: 2019-08-14 00:00:00
BBG000HLJ7M4;1;0;21.65;date: 2019-08-15 00:00:00
BBG000HLJ7M4;1;0;25.71;date: 2019-08-16 00:00:00
BBG002293PJ4;0;1;78.65;date: 2019-09-11 00:00:00
BBG002293PJ4;0;1;79.64;date: 2019-09-12 00:00:00
BBG002293PJ4;0;1;81.52;date: 2019-09-13 00:00:00
BBG002293PJ4;0;1;76.46;date: 2019-09-17 00:00:00
BBG000BWS3F3;0;1;70.37;date: 2019-09-19 00:00:00
BBG000BWS3F3;0;1;72.26;date: 2019-09-20 00:00:00
BBG000BWS3F3;0;1;71.05;date: 2019-09-23 00:00:00
BBG000BH0FR6;0;1;75.17;date: 2019-09-30 00:00:00
BBG000BH0FR6;0;1;75.78;date: 2019-10-01 00:00:00
BBG000BH0FR6;0;1;82.37;date: 2019-10-21 00:00:00
BBG000BWS3F3;0;1;70.43;date: 2019-10-22 00:00:00
BBG000BH0FR6;0;1;76.68;date: 2019-10-22 00:00:00
BBG000BWS3F3;0;1;81.86;date: 2019-10-23 00:00:00
BBG000BH0FR6;0;1;77.65;date: 2019-10-23 00:00:00
BBG000BWS3F3;0;1;82.81;date: 2019-10-24 00:00:00
BBG000BH0FR6;0;1;77.88;date: 2019-10-24 00:00:00
BBG000BWS3F3;0;1;83.66;date: 2019-10-25 00:00:00
BBG000BH0FR6;0;1;79.6;date: 2019-10-25 00:00:00
BBG000BWS3F3;0;1;84.2;date: 2019-10-28 00:00:00
BBG000BH0FR6;0;1;81.65;date: 2019-10-28 00:00:00
BBG000BH0FR6;0;1;80.17;date: 2019-10-29 00:00:00
BBG004MN1R41;0;1;69.44;date: 2019-10-29 00:00:00
BBG000BWS3F3;0;1;70.69;date: 2019-10-30 00:00:00
BBG000BH0FR6;0;1;78.4;date: 2019-10-30 00:00:00
BBG000BH0FR6;0;1;80.46;date: 2019-10-31 00:00:00
BBG000BH0FR6;0;1;77.76;date: 2019-11-01 00:00:00
BBG000BH0FR6;0;1;77.8;date: 2019-11-04 00:00:00
BBG000BH0FR6;0;1;77.27;date: 2019-11-05 00:00:00
BBG000BWS3F3;0;1;71.63;date: 2019-11-05 00:00:00
BBG000BH0FR6;0;1;79.29;date: 2019-11-06 00:00:00
BBG000BWS3F3;0;1;70.43;date: 2019-11-06 00:00:00
BBG000BH0FR6;0;1;71.94;date: 2019-11-08 00:00:00
BBG000BH0FR6;0;1;71.84;date: 2019-11-11 00:00:00
BBG000BH0FR6;0;1;74.17;date: 2019-11-12 00:00:00
BBG000BH0FR6;0;1;75.62;date: 2019-11-13 00:00:00
BBG000BH0FR6;0;1;76.59;date: 2019-11-14 00:00:00
BBG000BH0FR6;0;1;77.86;date: 2019-11-15 00:00:00
BBG000BH0FR6;0;1;78.7;date: 2019-11-18 00:00:00
BBG000BH0FR6;0;1;80.43;date: 2019-11-19 00:00:00
BBG000BH0FR6;0;1;82.53;date: 2019-11-20 00:00:00
BBG000BH0FR6;0;1;79.62;date: 2019-11-21 00:00:00
BBG000BH0FR6;0;1;76.32;date: 2019-11-22 00:00:00
BBG000BH0FR6;0;1;78.77;date: 2019-11-25 00:00:00
BBG000BH0FR6;0;1;75.6;date: 2019-11-26 00:00:00
BBG000BH0FR6;0;1;76.22;date: 2019-11-27 00:00:00
BBG000BH0FR6;0;1;76.22;date: 2019-11-28 00:00:00
BBG000BH0FR6;0;1;76.22;date: 2019-11-29 00:00:00
BBG002293PJ4;0;1;79.39;date: 2019-12-05 00:00:00
BBG002293PJ4;0;1;81.7;date: 2019-12-06 00:00:00
BBG002293PJ4;0;1;76.88;date: 2019-12-09 00:00:00
BBG000BWS3F3;0;1;70.57;date: 2019-12-23 00:00:00
BBG000BWS3F3;0;1;73.6;date: 2020-01-15 00:00:00
BBG000BWS3F3;0;1;73.75;date: 2020-01-16 00:00:00
BBG000BWS3F3;0;1;70.59;date: 2020-01-22 00:00:00
BBG004MN1R41;0;1;69.93;date: 2020-01-23 00:00:00
BBG000BWS3F3;0;1;74.08;date: 2020-01-23 00:00:00
BBG000BWS3F3;0;1;72.96;date: 2020-02-05 00:00:00
BBG000BWS3F3;0;1;72.17;date: 2020-02-06 00:00:00
BBG000BWS3F3;0;1;71.16;date: 2020-02-12 00:00:00
BBG000BWS3F3;0;1;73.09;date: 2020-02-20 00:00:00
BBG000HLJ7M4;0;1;74.76;date: 2020-02-20 00:00:00
BBG000HLJ7M4;0;1;74.05;date: 2020-02-21 00:00:00
BBG004MN1R41;1;0;25.04;date: 2020-02-27 00:00:00
BBG004MN1R41;1;0;24.75;date: 2020-02-28 00:00:00
BBG004MN1R41;1;0;24.81;date: 2020-03-03 00:00:00
BBG000BWS3F3;1;0;30.14;date: 2020-03-05 00:00:00
BBG000BWS3F3;1;0;20.95;date: 2020-03-09 00:00:00
BBG002293PJ4;1;0;23.74;date: 2020-03-09 00:00:00
BBG004MN1R41;1;0;24.91;date: 2020-03-09 00:00:00
BBG000BWS3F3;1;0;28.6;date: 2020-03-10 00:00:00
BBG002293PJ4;1;0;23.53;date: 2020-03-10 00:00:00
BBG000BWS3F3;1;0;26.71;date: 2020-03-11 00:00:00
BBG002293PJ4;1;0;19.84;date: 2020-03-11 00:00:00
BBG004MN1R41;1;0;26.18;date: 2020-03-11 00:00:00
BBG000BWS3F3;1;0;22.89;date: 2020-03-12 00:00:00
BBG002293PJ4;1;0;17.24;date: 2020-03-12 00:00:00
BBG004MN1R41;1;0;23.38;date: 2020-03-12 00:00:00
BBG000HLJ7M4;1;0;23.08;date: 2020-03-12 00:00:00
BBG000BWS3F3;1;0;26.62;date: 2020-03-13 00:00:00
BBG004MN1R41;1;0;22.88;date: 2020-03-13 00:00:00
BBG002293PJ4;1;0;21.36;date: 2020-03-16 00:00:00
BBG004MN1R41;1;0;18.45;date: 2020-03-16 00:00:00
BBG000BWS3F3;1;0;23.09;date: 2020-03-16 00:00:00
BBG002293PJ4;1;0;21.22;date: 2020-03-17 00:00:00
BBG004MN1R41;1;0;15.35;date: 2020-03-17 00:00:00
BBG000BWS3F3;1;0;24.26;date: 2020-03-17 00:00:00
BBG000HLJ7M4;1;0;26.67;date: 2020-03-18 00:00:00
BBG004MN1R41;1;0;13.61;date: 2020-03-18 00:00:00
BBG002293PJ4;1;0;19.65;date: 2020-03-18 00:00:00
BBG000BWS3F3;1;0;19.75;date: 2020-03-18 00:00:00
BBG004MN1R41;1;0;25.74;date: 2020-03-19 00:00:00
BBG000BWS3F3;1;0;22.14;date: 2020-03-19 00:00:00
BBG000BWS3F3;1;0;24.17;date: 2020-03-20 00:00:00
BBG004MN1R41;1;0;24.92;date: 2020-03-20 00:00:00
BBG002293PJ4;1;0;23.46;date: 2020-03-20 00:00:00
BBG002293PJ4;1;0;23.19;date: 2020-03-23 00:00:00
BBG000BWS3F3;1;0;23.63;date: 2020-03-23 00:00:00
BBG000BWS3F3;1;0;28.06;date: 2020-03-24 00:00:00
BBG000HLJ7M4;0;1;71.83;date: 2020-04-29 00:00:00
BBG000BH0FR6;0;1;74.31;date: 2020-05-05 00:00:00
BBG000BH0FR6;0;1;73.44;date: 2020-05-06 00:00:00
BBG000BH0FR6;0;1;71.85;date: 2020-05-07 00:00:00
BBG000BWS3F3;0;1;71.26;date: 2020-05-08 00:00:00
BBG000BWS3F3;0;1;72.1;date: 2020-05-11 00:00:00
BBG000BWS3F3;0;1;72.0;date: 2020-05-21 00:00:00
BBG000BWS3F3;0;1;72.4;date: 2020-05-22 00:00:00
BBG000BWS3F3;0;1;72.4;date: 2020-05-25 00:00:00
BBG000BWS3F3;0;1;72.4;date: 2020-05-26 00:00:00
BBG002293PJ4;0;1;75.06;date: 2020-05-28 00:00:00
BBG002293PJ4;0;1;76.65;date: 2020-05-29 00:00:00
BBG002293PJ4;0;1;80.66;date: 2020-06-02 00:00:00
BBG002293PJ4;0;1;81.71;date: 2020-06-03 00:00:00
BBG002293PJ4;0;1;77.31;date: 2020-06-04 00:00:00
BBG000BWS3F3;0;1;73.05;date: 2020-06-05 00:00:00
BBG002293PJ4;0;1;75.9;date: 2020-06-05 00:00:00
BBG000BWS3F3;0;1;75.92;date: 2020-06-08 00:00:00
BBG002293PJ4;0;1;77.44;date: 2020-06-08 00:00:00
BBG002293PJ4;0;1;76.21;date: 2020-06-09 00:00:00
BBG000BWS3F3;0;1;75.3;date: 2020-06-09 00:00:00
BBG000BWS3F3;0;1;70.25;date: 2020-06-10 00:00:00
BBG004MN1R41;0;1;69.07;date: 2020-08-31 00:00:00
BBG002293PJ4;0;1;76.74;date: 2020-09-01 00:00:00
BBG002293PJ4;0;1;78.47;date: 2020-09-10 00:00:00
BBG002293PJ4;0;1;76.1;date: 2020-09-11 00:00:00
BBG002293PJ4;0;1;75.54;date: 2020-09-14 00:00:00
BBG000BH0FR6;0;1;72.83;date: 2020-09-28 00:00:00
BBG000BH0FR6;0;1;73.07;date: 2020-09-29 00:00:00
BBG000BH0FR6;0;1;75.57;date: 2020-09-30 00:00:00
BBG000BH0FR6;0;1;76.65;date: 2020-10-01 00:00:00
BBG000BH0FR6;0;1;75.04;date: 2020-10-05 00:00:00
BBG000BH0FR6;0;1;72.05;date: 2020-10-07 00:00:00
BBG004MN1R41;0;1;72.23;date: 2021-01-06 00:00:00
BBG004MN1R41;0;1;73.12;date: 2021-01-07 00:00:00
BBG004MN1R41;0;1;72.02;date: 2021-01-08 00:00:00
BBG004MN1R41;0;1;72.57;date: 2021-01-11 00:00:00
BBG004MN1R41;0;1;74.81;date: 2021-01-12 00:00:00
BBG004MN1R41;0;1;77.89;date: 2021-01-14 00:00:00
BBG004MN1R41;0;1;70.75;date: 2021-01-20 00:00:00
BBG004MN1R41;0;1;71.11;date: 2021-01-26 00:00:00
BBG004MN1R41;0;1;71.71;date: 2021-02-08 00:00:00
BBG000BWS3F3;0;1;70.54;date: 2021-03-09 00:00:00
BBG000BWS3F3;0;1;72.63;date: 2021-03-11 00:00:00
BBG000BWS3F3;0;1;72.52;date: 2021-03-12 00:00:00
BBG000BWS3F3;0;1;75.73;date: 2021-03-15 00:00:00
BBG000BWS3F3;0;1;71.18;date: 2021-03-16 00:00:00
BBG000BWS3F3;0;1;73.83;date: 2021-03-17 00:00:00
BBG000HLJ7M4;0;1;69.94;date: 2021-04-08 00:00:00
BBG002293PJ4;0;1;75.55;date: 2021-04-23 00:00:00
BBG002293PJ4;0;1;75.61;date: 2021-04-26 00:00:00
BBG002293PJ4;0;1;78.36;date: 2021-04-27 00:00:00
BBG002293PJ4;0;1;79.17;date: 2021-04-28 00:00:00
BBG004MN1R41;0;1;71.17;date: 2021-04-29 00:00:00
BBG004MN1R41;0;1;69.07;date: 2021-04-30 00:00:00
BBG004MN1R41;0;1;69.31;date: 2021-05-03 00:00:00
BBG004MN1R41;0;1;71.01;date: 2021-05-07 00:00:00
BBG004MN1R41;0;1;69.57;date: 2021-05-10 00:00:00
BBG000HLJ7M4;0;1;70.77;date: 2021-05-26 00:00:00
BBG000HLJ7M4;0;1;73.54;date: 2021-05-27 00:00:00
BBG004MN1R41;0;1;70.1;date: 2021-05-27 00:00:00
BBG000HLJ7M4;0;1;75.9;date: 2021-05-28 00:00:00
BBG004MN1R41;0;1;69.75;date: 2021-05-28 00:00:00
BBG004MN1R41;0;1;69.75;date: 2021-05-31 00:00:00
BBG000HLJ7M4;0;1;75.9;date: 2021-05-31 00:00:00
BBG004MN1R41;0;1;69.75;date: 2021-06-01 00:00:00
BBG000HLJ7M4;0;1;75.9;date: 2021-06-01 00:00:00
BBG000HLJ7M4;0;1;77.72;date: 2021-06-02 00:00:00
BBG004MN1R41;0;1;69.93;date: 2021-06-02 00:00:00
BBG000HLJ7M4;0;1;77.98;date: 2021-06-03 00:00:00
BBG000HLJ7M4;0;1;78.78;date: 2021-06-04 00:00:00
BBG000HLJ7M4;0;1;79.95;date: 2021-06-07 00:00:00
BBG004MN1R41;0;1;70.2;date: 2021-06-08 00:00:00
BBG000HLJ7M4;0;1;81.86;date: 2021-06-08 00:00:00
BBG004MN1R41;0;1;71.48;date: 2021-06-11 00:00:00
BBG004MN1R41;0;1;70.42;date: 2021-06-14 00:00:00
BBG004MN1R41;0;1;73.47;date: 2021-06-15 00:00:00
BBG004MN1R41;0;1;76.04;date: 2021-06-16 00:00:00
BBG004MN1R41;0;1;70.91;date: 2021-07-12 00:00:00
BBG004MN1R41;0;1;69.24;date: 2021-07-13 00:00:00
BBG004MN1R41;0;1;69.39;date: 2021-07-14 00:00:00
BBG004MN1R41;0;1;69.56;date: 2021-07-15 00:00:00
BBG000HLJ7M4;1;0;26.9;date: 2021-07-16 00:00:00
BBG000HLJ7M4;1;0;24.71;date: 2021-07-19 00:00:00
BBG000HLJ7M4;1;0;26.81;date: 2021-07-23 00:00:00
BBG000BH0FR6;0;1;72.15;date: 2021-08-04 00:00:00
BBG004MN1R41;0;1;69.7;date: 2021-08-11 00:00:00
BBG004MN1R41;0;1;72.44;date: 2021-08-17 00:00:00
BBG000BH0FR6;0;1;73.58;date: 2021-08-25 00:00:00
BBG004MN1R41;0;1;76.04;date: 2021-08-27 00:00:00
BBG000BH0FR6;0;1;72.39;date: 2021-11-04 00:00:00
BBG000BH0FR6;0;1;73.63;date: 2021-11-05 00:00:00
BBG000BH0FR6;0;1;72.61;date: 2021-11-08 00:00:00
BBG000BH0FR6;1;0;26.52;date: 2021-12-03 00:00:00
BBG002293PJ4;1;0;23.34;date: 2021-12-03 00:00:00
BBG000BH0FR6;1;0;23.8;date: 2021-12-06 00:00:00
BBG000BH0FR6;1;0;24.41;date: 2021-12-07 00:00:00
BBG000BH0FR6;1;0;29.9;date: 2021-12-08 00:00:00
BBG000BH0FR6;1;0;26.82;date: 2021-12-09 00:00:00
BBG000BH0FR6;1;0;25.36;date: 2021-12-10 00:00:00
BBG000BH0FR6;1;0;28.17;date: 2021-12-13 00:00:00
BBG000BH0FR6;1;0;28.69;date: 2021-12-14 00:00:00
BBG000BH0FR6;1;0;30.19;date: 2022-01-07 00:00:00
BBG000BH0FR6;1;0;30.19;date: 2022-01-08 00:00:00
BBG000BH0FR6;1;0;30.19;date: 2022-01-09 00:00:00
BBG000BH0FR6;1;0;30.19;date: 2022-01-10 00:00:00
BBG000BH0FR6;1;0;29.39;date: 2022-01-11 00:00:00
BBG000BH0FR6;1;0;26.53;date: 2022-01-12 00:00:00
BBG000BH0FR6;1;0;23.53;date: 2022-01-13 00:00:00
BBG000BH0FR6;1;0;25.74;date: 2022-01-14 00:00:00
BBG000BH0FR6;1;0;25.74;date: 2022-01-15 00:00:00
BBG000BH0FR6;1;0;25.74;date: 2022-01-16 00:00:00
BBG000BH0FR6;1;0;25.74;date: 2022-01-17 00:00:00
BBG000BH0FR6;1;0;25.74;date: 2022-01-18 00:00:00
BBG002293PJ4;1;0;24.46;date: 2022-01-19 00:00:00
BBG002293PJ4;1;0;21.73;date: 2022-01-20 00:00:00
BBG000BH0FR6;1;0;28.74;date: 2022-01-21 00:00:00
BBG002293PJ4;1;0;20.58;date: 2022-01-21 00:00:00
BBG002293PJ4;1;0;20.58;date: 2022-01-22 00:00:00
BBG000BH0FR6;1;0;28.74;date: 2022-01-22 00:00:00
BBG002293PJ4;1;0;20.58;date: 2022-01-23 00:00:00
BBG000BH0FR6;1;0;28.74;date: 2022-01-23 00:00:00
BBG002293PJ4;1;0;20.58;date: 2022-01-24 00:00:00
BBG000BH0FR6;1;0;28.74;date: 2022-01-24 00:00:00
BBG000BH0FR6;1;0;24.95;date: 2022-01-25 00:00:00
BBG002293PJ4;1;0;18.98;date: 2022-01-25 00:00:00
BBG004MN1R41;1;0;24.53;date: 2022-01-25 00:00:00
BBG000BH0FR6;1;0;23.98;date: 2022-01-26 00:00:00
BBG002293PJ4;1;0;17.34;date: 2022-01-26 00:00:00
BBG004MN1R41;1;0;23.72;date: 2022-01-26 00:00:00
BBG000BH0FR6;1;0;23.57;date: 2022-01-27 00:00:00
BBG002293PJ4;1;0;16.17;date: 2022-01-27 00:00:00
BBG004MN1R41;1;0;27.29;date: 2022-01-27 00:00:00
BBG000BH0FR6;1;0;24.62;date: 2022-02-09 00:00:00
BBG000BH0FR6;1;0;27.31;date: 2022-05-09 00:00:00
